[2025-11-26T10:36:20.000+00:00 info] [system]: {"message": "System is starting."}
[2025-11-26T10:37:06.000+00:00 info] [system]: {"message": "System is going to reboot."}
[2025-11-26T10:37:35.000+00:00 info] [system]: {"message": "System is starting."}
[2025-11-26T10:37:56.691+00:00 info] [real]: {"message":"Robot hardware is detected."}
[2025-11-26T10:39:10.773+00:00 info] [real]: {"message":"No robot hardware could be detected."}
[2025-11-26T10:39:20.784+00:00 info] [real]: {"message":"Robot hardware is detected."}
[2025-11-26T10:39:25.789+00:00 info] [real]: {"message":"No robot hardware could be detected."}
[2025-11-26T10:39:33.798+00:00 info] [real]: {"message":"Robot hardware is detected."}
[2025-11-26T10:39:34.914+00:00 info] [real]: {"Robot Serial Number":{"article":290102,"running":2506023},"message":"Received robot serial number"}
[2025-11-26T10:39:47.135+00:00 info] [real]: {"message":"Guiding button is released."}
[2025-11-26T10:39:47.136+00:00 info] [real]: {"message":"Robot brakes are closed."}
[2025-11-26T10:39:47.000+00:00 info] [system]: {"message": "System started successfully."}
[2025-11-26T10:39:47.811+00:00 info] [real]: {"message":"The connection to the robot arm could be established."}
[2025-11-26T10:41:22.000+00:00 info] [system]: {"message": "System is going to reboot."}
[2025-11-26T10:41:52.000+00:00 info] [system]: {"message": "System is starting."}
[2025-11-26T10:42:13.751+00:00 info] [real]: {"message":"Robot hardware is detected."}
[2025-11-26T10:42:15.362+00:00 info] [real]: {"Robot Serial Number":{"article":290102,"running":2506023},"message":"Received robot serial number"}
[2025-11-26T10:42:27.863+00:00 info] [real]: {"message":"Guiding button is released."}
[2025-11-26T10:42:27.863+00:00 info] [real]: {"message":"Robot brakes are closed."}
[2025-11-26T10:42:27.000+00:00 info] [system]: {"message": "System started successfully."}
[2025-11-26T10:42:28.767+00:00 info] [real]: {"message":"The connection to the robot arm could be established."}
[2025-11-26T10:42:57.690+00:00 info] [real]: {"message":"Robot brakes are opened."}
[2025-11-26T10:54:23.390+00:00 info] [real]: {"message":"Robot brakes are closed."}
[2025-11-26T10:54:25.000+00:00 info] [system]: {"message": "System is going to power off."}
[2025-11-26T11:35:09.000+00:00 info] [system]: {"message": "System is starting."}
[2025-11-26T11:35:30.671+00:00 info] [real]: {"message":"Robot hardware is detected."}
[2025-11-26T11:35:32.268+00:00 info] [real]: {"Robot Serial Number":{"article":290102,"running":2506023},"message":"Received robot serial number"}
[2025-11-26T11:35:40.593+00:00 info] [real]: {"message":"Guiding button is released."}
[2025-11-26T11:35:40.593+00:00 info] [real]: {"message":"Robot brakes are closed."}
[2025-11-26T11:35:40.000+00:00 info] [system]: {"message": "System started successfully."}
[2025-11-26T11:35:41.683+00:00 info] [real]: {"message":"The connection to the robot arm could be established."}
[2025-11-26T13:25:54.700+00:00 info] [real]: {"message":"Robot brakes are opened."}
[2025-11-26T13:26:15.078+00:00 info] [real]: {"message":"Guiding button is pressed."}
[2025-11-26T13:26:19.332+00:00 info] [real]: {"message":"Guiding button is released."}
[2025-11-26T13:29:06.811+00:00 info] [real]: {"message":"Guiding button is pressed."}
[2025-11-26T13:29:08.028+00:00 info] [real]: {"message":"Guiding button is released."}
[2025-11-26T13:29:48.418+00:00 info] [real]: {"message":"Robot brakes are closed."}
[2025-11-26T13:55:00.521+00:00 info] [real]: {"message":"Robot brakes are opened."}
[2025-11-26T13:59:39.070+00:00 info] [real]: {"message":"Robot brakes are closed."}
[2025-11-26T13:59:42.000+00:00 info] [system]: {"message": "System is going to power off."}
[2025-12-03T08:50:07.000+00:00 info] [system]: {"message": "System is starting."}
[2025-12-03T08:50:28.622+00:00 info] [real]: {"message":"Robot hardware is detected."}
[2025-12-03T08:50:30.224+00:00 info] [real]: {"Robot Serial Number":{"article":290102,"running":2506023},"message":"Received robot serial number"}
[2025-12-03T08:50:45.428+00:00 info] [real]: {"message":"Guiding button is released."}
[2025-12-03T08:50:45.428+00:00 info] [real]: {"message":"Robot brakes are closed."}
[2025-12-03T08:50:45.000+00:00 info] [system]: {"message": "System started successfully."}
[2025-12-03T08:50:46.644+00:00 info] [real]: {"message":"The connection to the robot arm could be established."}
[2025-12-03T08:56:21.441+00:00 info] [real]: {"message":"Robot brakes are opened."}
[2025-12-03T08:58:11.369+00:00 info] [real]: {"message":"Guiding button is pressed."}
[2025-12-03T08:58:12.116+00:00 info] [real]: {"message":"Guiding button is released."}
[2025-12-03T08:58:12.469+00:00 info] [real]: {"message":"Guiding button is pressed."}
[2025-12-03T08:58:49.121+00:00 info] [real]: {"message":"Guiding button is released."}
[2025-12-03T09:00:28.185+00:00 info] [real]: {"message":"Guiding button is pressed."}
[2025-12-03T09:00:34.715+00:00 info] [real]: {"message":"Guiding button is released."}
[2025-12-03T09:08:07.272+00:00 info] [real]: {"message":"Guiding button is pressed."}
[2025-12-03T09:08:10.586+00:00 info] [real]: {"message":"Guiding button is released."}
[2025-12-03T09:08:25.959+00:00 info] [real]: {"message":"Guiding button is pressed."}
[2025-12-03T09:08:28.136+00:00 info] [real]: {"message":"Guiding button is released."}
[2025-12-03T09:17:53.186+00:00 info] [real]: {"message":"Guiding button is pressed."}
[2025-12-03T09:17:57.219+00:00 info] [real]: {"message":"Guiding button is released."}
[2025-12-03T09:18:00.402+00:00 info] [real]: {"message":"Guiding button is pressed."}
[2025-12-03T09:18:03.596+00:00 info] [real]: {"message":"Guiding button is released."}
[2025-12-03T09:18:15.040+00:00 info] [real]: {"message":"Guiding button is pressed."}
[2025-12-03T09:18:42.190+00:00 info] [real]: {"message":"Guiding button is released."}
[2025-12-03T09:19:15.390+00:00 info] [real]: {"message":"Guiding button is pressed."}
[2025-12-03T09:19:21.119+00:00 info] [real]: {"message":"Guiding button is released."}
[2025-12-03T09:19:25.532+00:00 info] [real]: {"message":"Guiding button is pressed."}
[2025-12-03T09:19:31.642+00:00 info] [real]: {"message":"Guiding button is released."}
[2025-12-03T09:19:37.069+00:00 info] [real]: {"message":"Guiding button is pressed."}
[2025-12-03T09:19:47.310+00:00 info] [real]: {"message":"Guiding button is released."}
[2025-12-03T09:19:54.606+00:00 info] [real]: {"message":"Guiding button is pressed."}
[2025-12-03T09:20:04.546+00:00 info] [real]: {"message":"Guiding button is released."}
[2025-12-03T09:20:07.542+00:00 info] [real]: {"message":"Guiding button is pressed."}
[2025-12-03T09:21:06.232+00:00 info] [real]: {"message":"Guiding button is released."}
[2025-12-03T09:21:09.740+00:00 info] [real]: {"message":"Guiding button is pressed."}
[2025-12-03T09:21:12.832+00:00 info] [real]: {"message":"Guiding button is released."}
[2025-12-03T09:24:13.679+00:00 info] [real]: {"message":"Guiding button is pressed."}
[2025-12-03T09:24:18.964+00:00 info] [real]: {"message":"Guiding button is released."}
[2025-12-03T09:33:41.345+00:00 info] [real]: {"message":"Guiding button is pressed."}
[2025-12-03T09:33:49.949+00:00 info] [real]: {"message":"Guiding button is released."}
[2025-12-03T09:34:10.451+00:00 info] [real]: {"message":"Guiding button is pressed."}
[2025-12-03T09:34:16.245+00:00 info] [real]: {"message":"Guiding button is released."}
[2025-12-03T09:36:40.147+00:00 info] [real]: {"message":"Guiding button is pressed."}
[2025-12-03T09:37:24.685+00:00 info] [real]: {"message":"Guiding button is released."}
[2025-12-03T09:37:26.825+00:00 info] [real]: {"message":"Guiding button is pressed."}
[2025-12-03T09:37:28.891+00:00 info] [real]: {"message":"Guiding button is released."}
[2025-12-03T09:37:34.735+00:00 info] [real]: {"message":"Guiding button is pressed."}
[2025-12-03T09:37:37.410+00:00 info] [real]: {"message":"Guiding button is released."}
[2025-12-03T09:38:14.461+00:00 info] [real]: {"message":"Guiding button is pressed."}
[2025-12-03T09:38:17.277+00:00 info] [real]: {"message":"Guiding button is released."}
[2025-12-03T09:38:40.040+00:00 info] [real]: {"message":"Guiding button is pressed."}
[2025-12-03T09:38:48.221+00:00 info] [real]: {"message":"Guiding button is released."}
[2025-12-03T09:38:59.081+00:00 info] [real]: {"message":"Guiding button is pressed."}
[2025-12-03T09:39:08.277+00:00 info] [real]: {"message":"Guiding button is released."}
[2025-12-03T09:39:19.175+00:00 info] [real]: {"message":"Guiding button is pressed."}
[2025-12-03T09:39:28.290+00:00 info] [real]: {"message":"Guiding button is released."}
[2025-12-03T09:40:04.110+00:00 info] [real]: {"message":"Guiding button is pressed."}
[2025-12-03T09:40:38.166+00:00 info] [real]: {"message":"Guiding button is released."}
[2025-12-03T09:43:07.344+00:00 info] [real]: {"message":"Robot brakes are closed."}
[2025-12-03T09:43:19.382+00:00 info] [real]: {"message":"Robot brakes are opened."}
[2025-12-03T09:44:07.392+00:00 info] [real]: {"message":"Guiding button is pressed."}
[2025-12-03T09:44:12.522+00:00 info] [real]: {"message":"Guiding button is released."}
[2025-12-03T09:44:13.639+00:00 info] [real]: {"message":"Guiding button is pressed."}
[2025-12-03T09:44:18.225+00:00 info] [real]: {"message":"Guiding button is released."}
[2025-12-03T09:44:39.230+00:00 info] [real]: {"message":"Robot brakes are closed."}
[2025-12-03T09:44:51.789+00:00 info] [real]: {"message":"Robot brakes are opened."}
[2025-12-03T09:45:05.725+00:00 info] [real]: {"message":"Guiding button is pressed."}
[2025-12-03T09:45:13.586+00:00 info] [real]: {"message":"Guiding button is released."}
[2025-12-03T09:45:16.832+00:00 info] [real]: {"message":"Guiding button is pressed."}
[2025-12-03T09:45:21.632+00:00 info] [real]: {"message":"Guiding button is released."}
[2025-12-03T09:45:23.579+00:00 info] [real]: {"message":"Guiding button is pressed."}
[2025-12-03T09:45:26.472+00:00 info] [real]: {"message":"Guiding button is released."}
[2025-12-03T09:45:27.136+00:00 info] [real]: {"message":"Guiding button is pressed."}
[2025-12-03T09:45:34.319+00:00 info] [real]: {"message":"Guiding button is released."}
[2025-12-03T09:45:35.636+00:00 info] [real]: {"message":"Guiding button is pressed."}
[2025-12-03T09:46:02.909+00:00 info] [real]: {"message":"Guiding button is released."}
[2025-12-03T09:46:05.089+00:00 info] [real]: {"message":"Guiding button is pressed."}
[2025-12-03T09:46:11.411+00:00 info] [real]: {"message":"Guiding button is released."}
[2025-12-03T09:46:31.317+00:00 info] [real]: {"message":"Guiding button is pressed."}
[2025-12-03T09:46:36.489+00:00 info] [real]: {"message":"Guiding button is released."}
[2025-12-03T09:47:00.197+00:00 info] [real]: {"message":"Guiding button is pressed."}
[2025-12-03T09:47:00.747+00:00 info] [real]: {"message":"Guiding button is released."}
[2025-12-03T09:47:16.717+00:00 info] [real]: {"message":"Guiding button is pressed."}
[2025-12-03T09:47:26.581+00:00 info] [real]: {"message":"Guiding button is released."}
[2025-12-03T09:47:33.985+00:00 info] [real]: {"message":"Guiding button is pressed."}
[2025-12-03T09:47:36.679+00:00 info] [real]: {"message":"Guiding button is released."}
[2025-12-03T09:47:45.165+00:00 info] [real]: {"message":"Guiding button is pressed."}
[2025-12-03T09:47:54.871+00:00 info] [real]: {"message":"Guiding button is released."}
[2025-12-03T09:58:14.372+00:00 info] [real]: {"message":"Guiding button is pressed."}
[2025-12-03T09:58:26.201+00:00 info] [real]: {"message":"Guiding button is released."}
[2025-12-03T09:58:33.512+00:00 info] [real]: {"message":"Guiding button is pressed."}
[2025-12-03T09:58:43.541+00:00 info] [real]: {"message":"Guiding button is released."}
[2025-12-03T09:58:58.699+00:00 info] [real]: {"message":"Guiding button is pressed."}
[2025-12-03T09:59:09.775+00:00 info] [real]: {"message":"Guiding button is released."}
[2025-12-03T09:59:20.327+00:00 info] [real]: {"message":"Guiding button is pressed."}
[2025-12-03T09:59:27.054+00:00 info] [real]: {"message":"Guiding button is released."}
[2025-12-03T09:59:32.467+00:00 info] [real]: {"message":"Guiding button is pressed."}
[2025-12-03T09:59:36.719+00:00 info] [real]: {"message":"Guiding button is released."}
[2025-12-03T09:59:38.051+00:00 info] [real]: {"message":"Guiding button is pressed."}
[2025-12-03T09:59:44.065+00:00 info] [real]: {"message":"Guiding button is released."}
[2025-12-03T09:59:51.514+00:00 info] [real]: {"message":"Guiding button is pressed."}
[2025-12-03T09:59:54.987+00:00 info] [real]: {"message":"Guiding button is released."}
[2025-12-03T10:00:44.601+00:00 info] [real]: {"message":"Guiding button is pressed."}
[2025-12-03T10:01:00.531+00:00 info] [real]: {"message":"Guiding button is released."}
[2025-12-03T10:01:32.715+00:00 info] [real]: {"message":"Guiding button is pressed."}
[2025-12-03T10:01:47.167+00:00 info] [real]: {"message":"Guiding button is released."}
[2025-12-03T10:01:50.087+00:00 info] [real]: {"message":"Guiding button is pressed."}
[2025-12-03T10:01:54.545+00:00 info] [real]: {"message":"Guiding button is released."}
[2025-12-03T10:02:19.430+00:00 info] [real]: {"message":"Guiding button is pressed."}
[2025-12-03T10:02:33.410+00:00 info] [real]: {"message":"Guiding button is released."}
[2025-12-03T10:14:13.301+00:00 info] [real]: {"message":"Guiding button is pressed."}
[2025-12-03T10:14:15.664+00:00 info] [real]: {"message":"Guiding button is released."}
[2025-12-03T10:14:18.144+00:00 info] [real]: {"message":"Guiding button is pressed."}
[2025-12-03T10:14:19.490+00:00 info] [real]: {"message":"Guiding button is released."}
[2025-12-03T10:14:26.925+00:00 info] [real]: {"message":"Guiding button is pressed."}
[2025-12-03T10:14:28.730+00:00 info] [real]: {"message":"Guiding button is released."}
[2025-12-03T10:14:34.631+00:00 info] [real]: {"message":"Robot brakes are closed."}
[2025-12-03T10:14:47.039+00:00 info] [real]: {"message":"Robot brakes are opened."}
[2025-12-03T10:14:49.936+00:00 info] [real]: {"message":"Guiding button is pressed."}
[2025-12-03T10:14:51.817+00:00 info] [real]: {"message":"Guiding button is released."}
[2025-12-03T10:14:57.060+00:00 info] [real]: {"message":"Robot brakes are closed."}
[2025-12-03T10:15:09.935+00:00 info] [real]: {"message":"Robot brakes are opened."}
[2025-12-03T10:15:14.092+00:00 info] [real]: {"message":"Guiding button is pressed."}
[2025-12-03T10:15:17.120+00:00 info] [real]: {"message":"Guiding button is released."}
[2025-12-03T10:18:04.685+00:00 info] [real]: {"message":"Robot brakes are closed."}
[2025-12-03T10:18:06.000+00:00 info] [system]: {"message": "System is going to power off."}
[2025-12-11T08:02:45.000+00:00 info] [system]: {"message": "System is starting."}
[2025-12-11T08:03:06.689+00:00 info] [real]: {"message":"Robot hardware is detected."}
[2025-12-11T08:03:08.234+00:00 info] [real]: {"Robot Serial Number":{"article":290102,"running":2506023},"message":"Received robot serial number"}
[2025-12-11T08:03:20.871+00:00 info] [real]: {"message":"Guiding button is released."}
[2025-12-11T08:03:20.871+00:00 info] [real]: {"message":"Robot brakes are closed."}
[2025-12-11T08:03:20.000+00:00 info] [system]: {"message": "System started successfully."}
[2025-12-11T08:03:21.709+00:00 info] [real]: {"message":"The connection to the robot arm could be established."}
[2025-12-11T08:04:44.060+00:00 info] [real]: {"message":"Robot brakes are opened."}
[2025-12-11T08:27:25.903+00:00 info] [real]: {"message":"Robot brakes are closed."}
[2025-12-11T08:27:44.000+00:00 info] [system]: {"message": "System is going to power off."}
[2025-12-11T09:41:59.000+00:00 info] [system]: {"message": "System is starting."}
[2025-12-11T09:42:20.648+00:00 info] [real]: {"message":"Robot hardware is detected."}
[2025-12-11T09:42:22.212+00:00 info] [real]: {"Robot Serial Number":{"article":290102,"running":2506023},"message":"Received robot serial number"}
[2025-12-11T09:42:34.389+00:00 info] [real]: {"message":"Guiding button is released."}
[2025-12-11T09:42:34.389+00:00 info] [real]: {"message":"Robot brakes are closed."}
[2025-12-11T09:42:34.000+00:00 info] [system]: {"message": "System started successfully."}
[2025-12-11T09:42:35.665+00:00 info] [real]: {"message":"The connection to the robot arm could be established."}
[2025-12-11T09:45:18.730+00:00 info] [real]: {"message":"Robot brakes are opened."}
[2025-12-11T09:45:34.314+00:00 info] [real]: {"message":"Robot brakes are closed."}
[2025-12-11T09:45:44.665+00:00 info] [real]: {"message":"Robot brakes are opened."}
[2025-12-11T10:17:20.702+00:00 info] [real]: {"message":"Guiding button is pressed."}
[2025-12-11T10:17:25.055+00:00 info] [real]: {"message":"Guiding button is released."}
[2025-12-11T10:17:25.310+00:00 info] [real]: {"message":"Guiding button is pressed."}
[2025-12-11T10:17:32.225+00:00 info] [real]: {"message":"Guiding button is released."}
[2025-12-11T10:29:07.738+00:00 info] [real]: {"message":"Robot brakes are closed."}
[2025-12-11T10:29:14.000+00:00 info] [system]: {"message": "System is going to power off."}
[2025-12-11T11:19:33.000+00:00 info] [system]: {"message": "System is starting."}
[2025-12-11T11:19:54.720+00:00 info] [real]: {"message":"Robot hardware is detected."}
[2025-12-11T11:19:56.223+00:00 info] [real]: {"Robot Serial Number":{"article":290102,"running":2506023},"message":"Received robot serial number"}
[2025-12-11T11:20:09.269+00:00 info] [real]: {"message":"Guiding button is released."}
[2025-12-11T11:20:09.269+00:00 info] [real]: {"message":"Robot brakes are closed."}
[2025-12-11T11:20:09.000+00:00 info] [system]: {"message": "System started successfully."}
[2025-12-11T11:20:09.737+00:00 info] [real]: {"message":"The connection to the robot arm could be established."}
[2025-12-11T11:20:49.993+00:00 info] [real]: {"message":"Robot brakes are opened."}
[2025-12-11T11:21:48.493+00:00 info] [real]: {"message":"Guiding button is pressed."}
[2025-12-11T11:21:51.500+00:00 info] [real]: {"message":"Guiding button is released."}
[2025-12-11T11:21:51.937+00:00 info] [real]: {"message":"Guiding button is pressed."}
[2025-12-11T11:21:54.550+00:00 info] [real]: {"message":"Guiding button is released."}
[2025-12-11T11:21:55.171+00:00 info] [real]: {"message":"Guiding button is pressed."}
[2025-12-11T11:21:55.650+00:00 info] [real]: {"message":"Guiding button is released."}
[2025-12-11T11:21:57.056+00:00 info] [real]: {"message":"Guiding button is pressed."}
[2025-12-11T11:21:57.247+00:00 info] [real]: {"message":"Guiding button is released."}
[2025-12-11T11:21:59.011+00:00 info] [real]: {"message":"Guiding button is pressed."}
[2025-12-11T11:22:02.706+00:00 info] [real]: {"message":"Guiding button is released."}
[2025-12-11T11:22:05.143+00:00 info] [real]: {"message":"Guiding button is pressed."}
[2025-12-11T11:22:07.807+00:00 info] [real]: {"message":"Guiding button is released."}
[2025-12-11T11:22:19.890+00:00 info] [real]: {"message":"Guiding button is pressed."}
[2025-12-11T11:22:21.700+00:00 info] [real]: {"message":"Guiding button is released."}
[2025-12-11T11:22:23.937+00:00 info] [real]: {"message":"Guiding button is pressed."}
[2025-12-11T11:22:24.640+00:00 info] [real]: {"message":"Guiding button is released."}
[2025-12-11T11:22:25.000+00:00 info] [real]: {"message":"Guiding button is pressed."}
[2025-12-11T11:22:25.976+00:00 info] [real]: {"message":"Guiding button is released."}
[2025-12-11T11:22:39.370+00:00 info] [real]: {"message":"Guiding button is pressed."}
[2025-12-11T11:22:39.596+00:00 info] [real]: {"message":"Guiding button is released."}
[2025-12-11T11:22:39.761+00:00 info] [real]: {"message":"Guiding button is pressed."}
[2025-12-11T11:22:42.513+00:00 info] [real]: {"message":"Guiding button is released."}
[2025-12-11T11:24:05.270+00:00 info] [real]: {"message":"Guiding button is pressed."}
[2025-12-11T11:24:06.846+00:00 info] [real]: {"message":"Guiding button is released."}
[2025-12-11T12:28:30.201+00:00 info] [real]: {"message":"Robot brakes are closed."}
[2025-12-11T12:28:32.000+00:00 info] [system]: {"message": "System is going to power off."}
[2025-12-11T13:10:13.000+00:00 info] [system]: {"message": "System is starting."}
[2025-12-11T13:10:34.740+00:00 info] [real]: {"message":"Robot hardware is detected."}
[2025-12-11T13:10:36.252+00:00 info] [real]: {"Robot Serial Number":{"article":290102,"running":2506023},"message":"Received robot serial number"}
[2025-12-11T13:10:48.322+00:00 info] [real]: {"message":"Guiding button is released."}
[2025-12-11T13:10:48.322+00:00 info] [real]: {"message":"Robot brakes are closed."}
[2025-12-11T13:10:48.000+00:00 info] [system]: {"message": "System started successfully."}
[2025-12-11T13:10:48.757+00:00 info] [real]: {"message":"The connection to the robot arm could be established."}
[2025-12-11T13:12:04.399+00:00 info] [real]: {"message":"Robot brakes are opened."}
[2025-12-11T13:18:19.042+00:00 info] [real]: {"message":"Guiding button is pressed."}
[2025-12-11T13:18:19.126+00:00 info] [real]: {"message":"Guiding button is released."}
[2025-12-11T13:18:20.925+00:00 info] [real]: {"message":"Guiding button is pressed."}
[2025-12-11T13:18:27.849+00:00 info] [real]: {"message":"Guiding button is released."}
[2025-12-11T13:18:30.295+00:00 info] [real]: {"message":"Guiding button is pressed."}
[2025-12-11T13:18:34.715+00:00 info] [real]: {"message":"Guiding button is released."}
[2025-12-11T13:18:40.489+00:00 info] [real]: {"message":"Guiding button is pressed."}
[2025-12-11T13:18:42.269+00:00 info] [real]: {"message":"Guiding button is released."}
[2025-12-11T13:18:47.705+00:00 info] [real]: {"message":"Guiding button is pressed."}
[2025-12-11T13:18:51.235+00:00 info] [real]: {"message":"Guiding button is released."}
[2025-12-11T13:18:51.462+00:00 info] [real]: {"message":"Guiding button is pressed."}
[2025-12-11T13:19:07.777+00:00 info] [real]: {"message":"Guiding button is released."}
[2025-12-11T13:19:40.527+00:00 info] [real]: {"message":"Guiding button is pressed."}
[2025-12-11T13:19:46.831+00:00 info] [real]: {"message":"Guiding button is released."}
[2025-12-11T13:19:58.952+00:00 info] [real]: {"message":"Guiding button is pressed."}
[2025-12-11T13:20:03.101+00:00 info] [real]: {"message":"Guiding button is released."}
[2025-12-11T13:20:03.949+00:00 info] [real]: {"message":"Guiding button is pressed."}
[2025-12-11T13:20:09.869+00:00 info] [real]: {"message":"Guiding button is released."}
[2025-12-11T13:20:12.541+00:00 info] [real]: {"message":"Guiding button is pressed."}
[2025-12-11T13:20:16.579+00:00 info] [real]: {"message":"Guiding button is released."}
[2025-12-11T13:21:24.107+00:00 info] [real]: {"message":"Guiding button is pressed."}
[2025-12-11T13:21:26.729+00:00 info] [real]: {"message":"Guiding button is released."}
[2025-12-11T13:22:38.875+00:00 info] [real]: {"message":"Guiding button is pressed."}
[2025-12-11T13:22:40.770+00:00 info] [real]: {"message":"Guiding button is released."}
[2025-12-11T13:22:41.017+00:00 info] [real]: {"message":"Guiding button is pressed."}
[2025-12-11T13:22:41.375+00:00 info] [real]: {"message":"Guiding button is released."}
[2025-12-11T13:22:41.555+00:00 info] [real]: {"message":"Guiding button is pressed."}
[2025-12-11T13:22:41.787+00:00 info] [real]: {"message":"Guiding button is released."}
[2025-12-11T13:22:41.930+00:00 info] [real]: {"message":"Guiding button is pressed."}
[2025-12-11T13:22:42.181+00:00 info] [real]: {"message":"Guiding button is released."}
[2025-12-11T13:42:59.314+00:00 info] [real]: {"message":"Robot brakes are closed."}
[2025-12-11T13:50:34.044+00:00 info] [real]: {"message":"Robot brakes are opened."}
[2025-12-11T14:01:31.619+00:00 info] [real]: {"message":"Guiding button is pressed."}
[2025-12-11T14:01:36.110+00:00 info] [real]: {"message":"Guiding button is released."}
[2025-12-11T14:01:36.316+00:00 info] [real]: {"message":"Guiding button is pressed."}
[2025-12-11T14:01:38.210+00:00 info] [real]: {"message":"Guiding button is released."}
[2025-12-11T14:01:40.100+00:00 info] [real]: {"message":"Guiding button is pressed."}
[2025-12-11T14:01:41.849+00:00 info] [real]: {"message":"Guiding button is released."}
[2025-12-11T14:02:03.206+00:00 info] [real]: {"message":"Guiding button is pressed."}
[2025-12-11T14:02:03.799+00:00 info] [real]: {"message":"Guiding button is released."}
[2025-12-11T14:02:04.186+00:00 info] [real]: {"message":"Guiding button is pressed."}
[2025-12-11T14:02:05.296+00:00 info] [real]: {"message":"Guiding button is released."}
[2025-12-11T14:02:07.196+00:00 info] [real]: {"message":"Guiding button is pressed."}
[2025-12-11T14:02:08.940+00:00 info] [real]: {"message":"Guiding button is released."}
[2025-12-11T14:02:09.205+00:00 info] [real]: {"message":"Guiding button is pressed."}
[2025-12-11T14:02:24.102+00:00 info] [real]: {"message":"Guiding button is released."}
[2025-12-11T14:02:25.665+00:00 info] [real]: {"message":"Guiding button is pressed."}
[2025-12-11T14:02:29.332+00:00 info] [real]: {"message":"Guiding button is released."}
[2025-12-11T14:02:29.505+00:00 info] [real]: {"message":"Guiding button is pressed."}
[2025-12-11T14:02:32.215+00:00 info] [real]: {"message":"Guiding button is released."}
[2025-12-11T14:14:33.419+00:00 info] [real]: {"message":"Guiding button is pressed."}
[2025-12-11T14:14:35.869+00:00 info] [real]: {"message":"Guiding button is released."}
[2025-12-11T14:15:06.385+00:00 info] [real]: {"message":"Guiding button is pressed."}
[2025-12-11T14:15:06.955+00:00 info] [real]: {"message":"Guiding button is released."}
[2025-12-11T14:15:10.119+00:00 info] [real]: {"message":"Guiding button is pressed."}
[2025-12-11T14:15:10.432+00:00 info] [real]: {"message":"Guiding button is released."}
[2025-12-11T14:15:11.571+00:00 info] [real]: {"message":"Guiding button is pressed."}
[2025-12-11T14:15:13.905+00:00 info] [real]: {"message":"Guiding button is released."}
[2025-12-11T15:02:26.904+00:00 info] [real]: {"message":"Robot brakes are closed."}
[2025-12-11T15:02:42.000+00:00 info] [system]: {"message": "System is going to power off."}
[2025-12-11T15:11:23.000+00:00 info] [system]: {"message": "System is starting."}
[2025-12-11T15:11:44.679+00:00 info] [real]: {"message":"Robot hardware is detected."}
[2025-12-11T15:11:46.212+00:00 info] [real]: {"Robot Serial Number":{"article":290102,"running":2506023},"message":"Received robot serial number"}
[2025-12-11T15:11:59.973+00:00 info] [real]: {"message":"Guiding button is released."}
[2025-12-11T15:11:59.973+00:00 info] [real]: {"message":"Robot brakes are closed."}
[2025-12-11T15:12:00.000+00:00 info] [system]: {"message": "System started successfully."}
[2025-12-11T15:12:00.700+00:00 info] [real]: {"message":"The connection to the robot arm could be established."}
[2025-12-11T15:14:24.070+00:00 info] [real]: {"message":"Robot brakes are opened."}
[2025-12-11T17:34:11.223+00:00 info] [real]: {"message":"Robot brakes are closed."}
[2025-12-11T17:34:13.000+00:00 info] [system]: {"message": "System is going to power off."}
[2025-12-12T06:58:26.000+00:00 info] [system]: {"message": "System is starting."}
[2025-12-12T06:58:47.667+00:00 info] [real]: {"message":"Robot hardware is detected."}
[2025-12-12T06:58:49.243+00:00 info] [real]: {"Robot Serial Number":{"article":290102,"running":2506023},"message":"Received robot serial number"}
[2025-12-12T06:59:01.851+00:00 info] [real]: {"message":"Guiding button is released."}
[2025-12-12T06:59:01.851+00:00 info] [real]: {"message":"Robot brakes are closed."}
[2025-12-12T06:59:01.000+00:00 info] [system]: {"message": "System started successfully."}
[2025-12-12T06:59:02.682+00:00 info] [real]: {"message":"The connection to the robot arm could be established."}
[2025-12-12T07:00:46.465+00:00 info] [real]: {"message":"Robot brakes are opened."}
[2025-12-12T08:49:13.795+00:00 info] [real]: {"message":"Robot brakes are closed."}
[2025-12-12T08:49:32.000+00:00 info] [system]: {"message": "System is going to power off."}
[2025-12-15T06:55:25.000+00:00 info] [system]: {"message": "System is starting."}
[2025-12-15T06:55:46.760+00:00 info] [real]: {"message":"Robot hardware is detected."}
[2025-12-15T06:55:48.340+00:00 info] [real]: {"Robot Serial Number":{"article":290102,"running":2506023},"message":"Received robot serial number"}
[2025-12-15T06:56:02.932+00:00 info] [real]: {"message":"Guiding button is released."}
[2025-12-15T06:56:02.932+00:00 info] [real]: {"message":"Robot brakes are closed."}
[2025-12-15T06:56:02.000+00:00 info] [system]: {"message": "System started successfully."}
[2025-12-15T06:56:03.781+00:00 info] [real]: {"message":"The connection to the robot arm could be established."}
[2025-12-15T07:25:10.510+00:00 info] [real]: {"message":"Robot brakes are opened."}
[2025-12-15T08:46:14.049+00:00 info] [real]: {"message":"Robot brakes are closed."}
[2025-12-15T08:46:28.000+00:00 info] [system]: {"message": "System is going to power off."}
[2025-12-15T09:39:16.000+00:00 info] [system]: {"message": "System is starting."}
[2025-12-15T09:39:37.688+00:00 info] [real]: {"message":"Robot hardware is detected."}
[2025-12-15T09:39:39.252+00:00 info] [real]: {"Robot Serial Number":{"article":290102,"running":2506023},"message":"Received robot serial number"}
[2025-12-15T09:39:51.281+00:00 info] [real]: {"message":"Guiding button is released."}
[2025-12-15T09:39:51.281+00:00 info] [real]: {"message":"Robot brakes are closed."}
[2025-12-15T09:39:51.000+00:00 info] [system]: {"message": "System started successfully."}
[2025-12-15T09:39:51.702+00:00 info] [real]: {"message":"The connection to the robot arm could be established."}
[2025-12-15T11:02:40.211+00:00 info] [real]: {"message":"Guiding button is pressed."}
[2025-12-15T11:02:42.373+00:00 info] [real]: {"message":"Guiding button is released."}
[2025-12-15T11:03:00.153+00:00 info] [real]: {"message":"Robot brakes are opened."}
[2025-12-15T11:03:01.343+00:00 info] [real]: {"message":"Guiding button is pressed."}
[2025-12-15T11:03:02.301+00:00 info] [real]: {"message":"Guiding button is released."}
[2025-12-15T11:03:02.693+00:00 info] [real]: {"message":"Guiding button is pressed."}
[2025-12-15T11:03:03.981+00:00 info] [real]: {"message":"Guiding button is released."}
[2025-12-15T11:03:04.201+00:00 info] [real]: {"message":"Guiding button is pressed."}
[2025-12-15T11:03:10.141+00:00 info] [real]: {"message":"Guiding button is released."}
[2025-12-15T11:15:44.271+00:00 info] [real]: {"message":"Guiding button is pressed."}
[2025-12-15T11:15:45.223+00:00 info] [real]: {"message":"Guiding button is released."}
[2025-12-15T11:15:54.550+00:00 info] [real]: {"message":"Guiding button is pressed."}
[2025-12-15T11:15:55.660+00:00 info] [real]: {"message":"Guiding button is released."}
[2025-12-15T11:15:55.806+00:00 info] [real]: {"message":"Guiding button is pressed."}
[2025-12-15T11:15:57.930+00:00 info] [real]: {"message":"Guiding button is released."}
[2025-12-15T11:27:08.382+00:00 info] [real]: {"message":"Robot brakes are closed."}
[2025-12-15T11:27:23.800+00:00 info] [real]: {"message":"Robot brakes are opened."}
[2025-12-15T12:45:08.006+00:00 info] [real]: {"message":"Robot brakes are closed."}
[2025-12-15T12:45:10.000+00:00 info] [system]: {"message": "System is going to power off."}
[2025-12-15T13:51:55.000+00:00 info] [system]: {"message": "System is starting."}
[2025-12-15T13:52:16.684+00:00 info] [real]: {"message":"Robot hardware is detected."}
[2025-12-15T13:52:18.227+00:00 info] [real]: {"Robot Serial Number":{"article":290102,"running":2506023},"message":"Received robot serial number"}
[2025-12-15T13:52:27.498+00:00 info] [real]: {"message":"Guiding button is released."}
[2025-12-15T13:52:27.498+00:00 info] [real]: {"message":"Robot brakes are closed."}
[2025-12-15T13:52:27.000+00:00 info] [system]: {"message": "System started successfully."}
[2025-12-15T13:52:28.697+00:00 info] [real]: {"message":"The connection to the robot arm could be established."}
[2025-12-15T14:01:00.507+00:00 info] [real]: {"message":"Robot brakes are opened."}
[2025-12-15T14:49:09.071+00:00 info] [real]: {"message":"Robot brakes are closed."}
[2025-12-15T14:49:11.000+00:00 info] [system]: {"message": "System is going to reboot."}
[2025-12-15T14:49:40.000+00:00 info] [system]: {"message": "System is starting."}
[2025-12-15T14:50:01.706+00:00 info] [real]: {"message":"Robot hardware is detected."}
[2025-12-15T14:50:03.262+00:00 info] [real]: {"Robot Serial Number":{"article":290102,"running":2506023},"message":"Received robot serial number"}
[2025-12-15T14:50:18.074+00:00 info] [real]: {"message":"Guiding button is released."}
[2025-12-15T14:50:18.074+00:00 info] [real]: {"message":"Robot brakes are closed."}
[2025-12-15T14:50:18.000+00:00 info] [system]: {"message": "System started successfully."}
[2025-12-15T14:50:18.724+00:00 info] [real]: {"message":"The connection to the robot arm could be established."}
[2025-12-15T14:50:33.147+00:00 info] [real]: {"message":"Robot brakes are opened."}
[2025-12-15T16:13:55.730+00:00 info] [real]: {"message":"Guiding button is pressed."}
[2025-12-15T16:14:01.202+00:00 info] [real]: {"message":"Guiding button is released."}
[2025-12-15T16:14:42.582+00:00 info] [real]: {"message":"Guiding button is pressed."}
[2025-12-15T16:14:46.292+00:00 info] [real]: {"message":"Guiding button is released."}
[2025-12-15T16:14:46.452+00:00 info] [real]: {"message":"Guiding button is pressed."}
[2025-12-15T16:14:48.796+00:00 info] [real]: {"message":"Guiding button is released."}
[2025-12-15T16:14:49.105+00:00 info] [real]: {"message":"Guiding button is pressed."}
[2025-12-15T16:14:53.508+00:00 info] [real]: {"message":"Guiding button is released."}
[2025-12-15T16:14:53.635+00:00 info] [real]: {"message":"Guiding button is pressed."}
[2025-12-15T16:14:57.098+00:00 info] [real]: {"message":"Guiding button is released."}
[2025-12-15T16:15:23.280+00:00 info] [real]: {"message":"Guiding button is pressed."}
[2025-12-15T16:15:32.215+00:00 info] [real]: {"message":"Guiding button is released."}
[2025-12-15T16:15:33.358+00:00 info] [real]: {"message":"Guiding button is pressed."}
[2025-12-15T16:15:33.806+00:00 info] [real]: {"message":"Guiding button is released."}
[2025-12-15T16:15:34.015+00:00 info] [real]: {"message":"Guiding button is pressed."}
[2025-12-15T16:15:38.020+00:00 info] [real]: {"message":"Guiding button is released."}
[2025-12-15T16:15:42.892+00:00 info] [real]: {"message":"Guiding button is pressed."}
[2025-12-15T16:15:47.838+00:00 info] [real]: {"message":"Guiding button is released."}
[2025-12-15T16:16:08.602+00:00 info] [real]: {"message":"Robot brakes are closed."}
[2025-12-15T16:16:10.000+00:00 info] [system]: {"message": "System is going to power off."}
[2025-12-16T12:27:54.000+00:00 info] [system]: {"message": "System is starting."}
[2025-12-16T12:28:15.699+00:00 info] [real]: {"message":"Robot hardware is detected."}
[2025-12-16T12:28:17.244+00:00 info] [real]: {"Robot Serial Number":{"article":290102,"running":2506023},"message":"Received robot serial number"}
[2025-12-16T12:28:25.482+00:00 info] [real]: {"message":"Guiding button is released."}
[2025-12-16T12:28:25.482+00:00 info] [real]: {"message":"Robot brakes are closed."}
[2025-12-16T12:28:25.000+00:00 info] [system]: {"message": "System started successfully."}
[2025-12-16T12:28:26.712+00:00 info] [real]: {"message":"The connection to the robot arm could be established."}
[2025-12-16T12:30:01.557+00:00 info] [real]: {"message":"Guiding button is pressed."}
[2025-12-16T12:30:02.560+00:00 info] [real]: {"message":"Guiding button is released."}
[2025-12-16T12:30:02.861+00:00 info] [real]: {"message":"Guiding button is pressed."}
[2025-12-16T12:30:03.715+00:00 info] [real]: {"message":"Guiding button is released."}
[2025-12-16T12:30:03.941+00:00 info] [real]: {"message":"Guiding button is pressed."}
[2025-12-16T12:30:04.445+00:00 info] [real]: {"message":"Guiding button is released."}
[2025-12-16T12:30:04.535+00:00 info] [real]: {"message":"Guiding button is pressed."}
[2025-12-16T12:30:04.810+00:00 info] [real]: {"message":"Guiding button is released."}
[2025-12-16T12:30:22.740+00:00 info] [real]: {"message":"Robot brakes are opened."}
[2025-12-16T12:30:39.325+00:00 info] [real]: {"message":"Guiding button is pressed."}
[2025-12-16T12:30:49.041+00:00 info] [real]: {"message":"Guiding button is released."}
[2025-12-16T12:30:49.237+00:00 info] [real]: {"message":"Guiding button is pressed."}
[2025-12-16T12:31:03.160+00:00 info] [real]: {"message":"Guiding button is released."}
[2025-12-16T12:31:04.641+00:00 info] [real]: {"message":"Guiding button is pressed."}
[2025-12-16T12:31:06.125+00:00 info] [real]: {"message":"Guiding button is released."}
[2025-12-16T12:31:06.633+00:00 info] [real]: {"message":"Guiding button is pressed."}
[2025-12-16T12:31:08.215+00:00 info] [real]: {"message":"Guiding button is released."}
[2025-12-16T12:31:11.535+00:00 info] [real]: {"message":"Guiding button is pressed."}
[2025-12-16T12:31:14.127+00:00 info] [real]: {"message":"Guiding button is released."}
[2025-12-16T12:31:17.380+00:00 info] [real]: {"message":"Guiding button is pressed."}
[2025-12-16T12:31:19.047+00:00 info] [real]: {"message":"Guiding button is released."}
[2025-12-16T12:31:22.520+00:00 info] [real]: {"message":"Guiding button is pressed."}
[2025-12-16T12:31:28.910+00:00 info] [real]: {"message":"Guiding button is released."}
[2025-12-16T12:31:29.056+00:00 info] [real]: {"message":"Guiding button is pressed."}
[2025-12-16T12:31:33.817+00:00 info] [real]: {"message":"Guiding button is released."}
[2025-12-16T12:31:40.461+00:00 info] [real]: {"message":"Guiding button is pressed."}
[2025-12-16T12:31:49.601+00:00 info] [real]: {"message":"Guiding button is released."}
[2025-12-16T12:31:50.767+00:00 info] [real]: {"message":"Guiding button is pressed."}
[2025-12-16T12:31:57.290+00:00 info] [real]: {"message":"Guiding button is released."}
[2025-12-16T12:32:00.703+00:00 info] [real]: {"message":"Guiding button is pressed."}
[2025-12-16T12:32:06.331+00:00 info] [real]: {"message":"Guiding button is released."}
[2025-12-16T12:58:26.670+00:00 info] [real]: {"message":"Guiding button is pressed."}
[2025-12-16T12:58:28.782+00:00 info] [real]: {"message":"Guiding button is released."}
[2025-12-16T13:17:14.453+00:00 info] [real]: {"message":"Guiding button is pressed."}
[2025-12-16T13:17:17.127+00:00 info] [real]: {"message":"Guiding button is released."}
[2025-12-16T13:17:17.497+00:00 info] [real]: {"message":"Guiding button is pressed."}
[2025-12-16T13:17:19.026+00:00 info] [real]: {"message":"Guiding button is released."}
[2025-12-16T13:17:19.230+00:00 info] [real]: {"message":"Guiding button is pressed."}
[2025-12-16T13:17:22.300+00:00 info] [real]: {"message":"Guiding button is released."}
[2025-12-16T13:17:23.681+00:00 info] [real]: {"message":"Guiding button is pressed."}
[2025-12-16T13:17:25.786+00:00 info] [real]: {"message":"Guiding button is released."}
[2025-12-16T13:17:26.031+00:00 info] [real]: {"message":"Guiding button is pressed."}
[2025-12-16T13:17:26.853+00:00 info] [real]: {"message":"Guiding button is released."}
[2025-12-16T13:18:03.411+00:00 info] [real]: {"message":"Guiding button is pressed."}
[2025-12-16T13:18:13.710+00:00 info] [real]: {"message":"Guiding button is released."}
[2025-12-16T13:18:13.800+00:00 info] [real]: {"message":"Guiding button is pressed."}
[2025-12-16T13:18:15.403+00:00 info] [real]: {"message":"Guiding button is released."}
[2025-12-16T13:18:15.511+00:00 info] [real]: {"message":"Guiding button is pressed."}
[2025-12-16T13:18:18.156+00:00 info] [real]: {"message":"Guiding button is released."}
[2025-12-16T13:18:18.687+00:00 info] [real]: {"message":"Guiding button is pressed."}
[2025-12-16T13:18:19.131+00:00 info] [real]: {"message":"Guiding button is released."}
[2025-12-16T13:18:19.803+00:00 info] [real]: {"message":"Guiding button is pressed."}
[2025-12-16T13:18:20.163+00:00 info] [real]: {"message":"Guiding button is released."}
[2025-12-16T13:20:13.566+00:00 info] [real]: {"message":"Robot brakes are closed."}
[2025-12-16T13:20:52.625+00:00 info] [real]: {"message":"Robot brakes are opened."}
[2025-12-16T13:21:10.316+00:00 info] [real]: {"message":"Guiding button is pressed."}
[2025-12-16T13:21:12.856+00:00 info] [real]: {"message":"Guiding button is released."}
[2025-12-16T13:46:00.276+00:00 info] [real]: {"message":"Robot brakes are closed."}
[2025-12-16T13:48:56.488+00:00 info] [real]: {"message":"Robot brakes are opened."}
[2025-12-16T13:48:58.115+00:00 info] [real]: {"message":"Guiding button is pressed."}
[2025-12-16T13:48:58.637+00:00 info] [real]: {"message":"Guiding button is released."}
[2025-12-16T13:49:11.495+00:00 info] [real]: {"message":"Guiding button is pressed."}
[2025-12-16T13:49:14.885+00:00 info] [real]: {"message":"Guiding button is released."}
[2025-12-16T13:49:51.870+00:00 info] [real]: {"message":"Robot brakes are closed."}
[2025-12-16T13:52:39.858+00:00 info] [real]: {"message":"Robot brakes are opened."}
[2025-12-16T13:52:44.883+00:00 info] [real]: {"message":"Guiding button is pressed."}
[2025-12-16T13:52:46.236+00:00 info] [real]: {"message":"Guiding button is released."}
[2025-12-16T13:52:46.390+00:00 info] [real]: {"message":"Guiding button is pressed."}
[2025-12-16T13:52:46.732+00:00 info] [real]: {"message":"Guiding button is released."}
[2025-12-16T13:52:57.942+00:00 info] [real]: {"message":"Guiding button is pressed."}
[2025-12-16T13:53:04.400+00:00 info] [real]: {"message":"Guiding button is released."}
[2025-12-16T13:53:06.428+00:00 info] [real]: {"message":"Guiding button is pressed."}
[2025-12-16T13:53:08.753+00:00 info] [real]: {"message":"Guiding button is released."}
[2025-12-16T14:04:54.508+00:00 info] [real]: {"message":"Robot brakes are closed."}
[2025-12-16T14:05:19.727+00:00 info] [real]: {"message":"Robot brakes are opened."}
[2025-12-16T14:05:37.540+00:00 info] [real]: {"message":"Guiding button is pressed."}
[2025-12-16T14:05:40.098+00:00 info] [real]: {"message":"Guiding button is released."}
[2025-12-16T14:05:40.196+00:00 info] [real]: {"message":"Guiding button is pressed."}
[2025-12-16T14:05:42.385+00:00 info] [real]: {"message":"Guiding button is released."}
[2025-12-16T14:05:44.702+00:00 info] [real]: {"message":"Guiding button is pressed."}
[2025-12-16T14:05:51.092+00:00 info] [real]: {"message":"Guiding button is released."}
[2025-12-16T14:06:23.150+00:00 info] [real]: {"message":"Guiding button is pressed."}
[2025-12-16T14:06:28.320+00:00 info] [real]: {"message":"Guiding button is released."}
[2025-12-16T14:08:42.396+00:00 info] [real]: {"message":"Guiding button is pressed."}
[2025-12-16T14:08:44.838+00:00 info] [real]: {"message":"Guiding button is released."}
[2025-12-16T14:09:41.047+00:00 info] [real]: {"message":"Robot brakes are closed."}
[2025-12-16T14:22:44.075+00:00 info] [real]: {"message":"Guiding button is pressed."}
[2025-12-16T14:22:46.821+00:00 info] [real]: {"message":"Guiding button is released."}
[2025-12-16T14:23:14.650+00:00 info] [real]: {"message":"Robot brakes are opened."}
[2025-12-16T14:23:22.286+00:00 info] [real]: {"message":"Guiding button is pressed."}
[2025-12-16T14:23:28.876+00:00 info] [real]: {"message":"Guiding button is released."}
[2025-12-16T14:33:37.515+00:00 info] [real]: {"message":"Guiding button is pressed."}
[2025-12-16T14:33:45.721+00:00 info] [real]: {"message":"Guiding button is released."}
[2025-12-16T14:37:43.446+00:00 info] [real]: {"message":"Guiding button is pressed."}
[2025-12-16T14:37:45.572+00:00 info] [real]: {"message":"Guiding button is released."}
[2025-12-16T14:37:47.455+00:00 info] [real]: {"message":"Guiding button is pressed."}
[2025-12-16T14:37:48.995+00:00 info] [real]: {"message":"Guiding button is released."}
[2025-12-16T14:38:24.902+00:00 info] [real]: {"message":"Robot brakes are closed."}
[2025-12-16T14:41:34.952+00:00 info] [real]: {"message":"Robot brakes are opened."}
[2025-12-16T15:04:58.190+00:00 info] [real]: {"message":"Robot brakes are closed."}
[2025-12-16T15:05:16.596+00:00 info] [real]: {"message":"Robot brakes are opened."}
[2025-12-16T15:05:36.250+00:00 info] [real]: {"message":"Guiding button is pressed."}
[2025-12-16T15:05:38.400+00:00 info] [real]: {"message":"Guiding button is released."}
[2025-12-16T15:24:20.055+00:00 info] [real]: {"message":"Guiding button is pressed."}
[2025-12-16T15:24:23.118+00:00 info] [real]: {"message":"Guiding button is released."}
[2025-12-16T15:30:29.505+00:00 info] [real]: {"message":"Robot brakes are closed."}
[2025-12-16T15:49:21.785+00:00 info] [real]: {"message":"Robot brakes are opened."}
[2025-12-16T16:44:41.667+00:00 info] [real]: {"message":"Robot brakes are closed."}
[2025-12-16T16:44:43.000+00:00 info] [system]: {"message": "System is going to power off."}
[2025-12-17T08:21:31.000+00:00 info] [system]: {"message": "System is starting."}
[2025-12-17T08:21:52.702+00:00 info] [real]: {"message":"Robot hardware is detected."}
[2025-12-17T08:21:54.264+00:00 info] [real]: {"Robot Serial Number":{"article":290102,"running":2506023},"message":"Received robot serial number"}
[2025-12-17T08:22:05.316+00:00 info] [real]: {"message":"Guiding button is released."}
[2025-12-17T08:22:05.316+00:00 info] [real]: {"message":"Robot brakes are closed."}
[2025-12-17T08:22:05.000+00:00 info] [system]: {"message": "System started successfully."}
[2025-12-17T08:22:05.717+00:00 info] [real]: {"message":"The connection to the robot arm could be established."}
[2025-12-17T08:23:32.837+00:00 info] [real]: {"message":"Robot brakes are opened."}
[2025-12-17T08:56:03.271+00:00 info] [real]: {"message":"Guiding button is pressed."}
[2025-12-17T08:56:05.601+00:00 info] [real]: {"message":"Guiding button is released."}
[2025-12-17T08:56:06.027+00:00 info] [real]: {"message":"Guiding button is pressed."}
[2025-12-17T08:56:07.799+00:00 info] [real]: {"message":"Guiding button is released."}
[2025-12-17T08:56:39.993+00:00 info] [real]: {"message":"Guiding button is pressed."}
[2025-12-17T08:56:45.309+00:00 info] [real]: {"message":"Guiding button is released."}
[2025-12-17T08:56:46.187+00:00 info] [real]: {"message":"Guiding button is pressed."}
[2025-12-17T08:56:48.621+00:00 info] [real]: {"message":"Guiding button is released."}
[2025-12-17T08:58:14.166+00:00 info] [real]: {"message":"Guiding button is pressed."}
[2025-12-17T08:58:17.762+00:00 info] [real]: {"message":"Guiding button is released."}
[2025-12-17T09:10:24.552+00:00 info] [real]: {"message":"Robot brakes are closed."}
[2025-12-17T09:11:35.028+00:00 info] [real]: {"message":"Robot brakes are opened."}
[2025-12-17T09:11:54.168+00:00 info] [real]: {"message":"Guiding button is pressed."}
[2025-12-17T09:11:56.534+00:00 info] [real]: {"message":"Guiding button is released."}
[2025-12-17T09:12:18.161+00:00 info] [real]: {"message":"Guiding button is pressed."}
[2025-12-17T09:12:20.282+00:00 info] [real]: {"message":"Guiding button is released."}
[2025-12-17T09:12:25.846+00:00 info] [real]: {"message":"Guiding button is pressed."}
[2025-12-17T09:12:28.162+00:00 info] [real]: {"message":"Guiding button is released."}
[2025-12-17T09:12:29.420+00:00 info] [real]: {"message":"Guiding button is pressed."}
[2025-12-17T09:12:32.371+00:00 info] [real]: {"message":"Guiding button is released."}
[2025-12-17T09:12:34.568+00:00 info] [real]: {"message":"Guiding button is pressed."}
[2025-12-17T09:12:36.136+00:00 info] [real]: {"message":"Guiding button is released."}
[2025-12-17T09:12:46.656+00:00 info] [real]: {"message":"Guiding button is pressed."}
[2025-12-17T09:12:49.881+00:00 info] [real]: {"message":"Guiding button is released."}
[2025-12-17T09:37:49.700+00:00 info] [real]: {"message":"Robot brakes are closed."}
[2025-12-17T09:38:02.000+00:00 info] [system]: {"message": "System is going to power off."}
[2025-12-17T09:42:20.000+00:00 info] [system]: {"message": "System is starting."}
[2025-12-17T09:42:41.631+00:00 info] [real]: {"message":"Robot hardware is detected."}
[2025-12-17T09:42:43.212+00:00 info] [real]: {"Robot Serial Number":{"article":290102,"running":2506023},"message":"Received robot serial number"}
[2025-12-17T09:42:57.174+00:00 info] [real]: {"message":"Guiding button is released."}
[2025-12-17T09:42:57.174+00:00 info] [real]: {"message":"Robot brakes are closed."}
[2025-12-17T09:42:57.000+00:00 info] [system]: {"message": "System started successfully."}
[2025-12-17T09:42:57.648+00:00 info] [real]: {"message":"The connection to the robot arm could be established."}
[2025-12-17T09:44:30.655+00:00 info] [real]: {"message":"Robot brakes are opened."}
[2025-12-17T09:52:43.921+00:00 info] [real]: {"message":"Robot brakes are closed."}
[2025-12-17T09:52:58.000+00:00 info] [system]: {"message": "System is going to power off."}
[2025-12-17T12:43:11.000+00:00 info] [system]: {"message": "System is starting."}
[2025-12-17T12:43:32.660+00:00 info] [real]: {"message":"Robot hardware is detected."}
[2025-12-17T12:43:34.199+00:00 info] [real]: {"Robot Serial Number":{"article":290102,"running":2506023},"message":"Received robot serial number"}
[2025-12-17T12:43:45.870+00:00 info] [real]: {"message":"Guiding button is released."}
[2025-12-17T12:43:45.870+00:00 info] [real]: {"message":"Robot brakes are closed."}
[2025-12-17T12:43:45.000+00:00 info] [system]: {"message": "System started successfully."}
[2025-12-17T12:43:46.677+00:00 info] [real]: {"message":"The connection to the robot arm could be established."}
[2025-12-17T12:44:00.618+00:00 info] [real]: {"message":"Robot brakes are opened."}
[2025-12-19T11:00:05.000+00:00 info] [system]: {"message": "System is starting."}
[2025-12-19T11:00:26.730+00:00 info] [real]: {"message":"Robot hardware is detected."}
[2025-12-19T11:00:28.331+00:00 info] [real]: {"Robot Serial Number":{"article":290102,"running":2506023},"message":"Received robot serial number"}
[2025-12-19T11:00:40.187+00:00 info] [real]: {"message":"Guiding button is released."}
[2025-12-19T11:00:40.187+00:00 info] [real]: {"message":"Robot brakes are closed."}
[2025-12-19T11:00:40.000+00:00 info] [system]: {"message": "System started successfully."}
[2025-12-19T11:00:40.747+00:00 info] [real]: {"message":"The connection to the robot arm could be established."}
[2025-12-19T11:04:26.354+00:00 info] [real]: {"message":"Robot brakes are opened."}
[2025-12-19T11:27:20.031+00:00 info] [real]: {"message":"Robot brakes are closed."}
[2025-12-19T11:27:33.000+00:00 info] [system]: {"message": "System is going to power off."}
[2025-12-19T11:31:25.000+00:00 info] [system]: {"message": "System is starting."}
[2025-12-19T11:31:46.620+00:00 info] [real]: {"message":"Robot hardware is detected."}
[2025-12-19T11:31:48.232+00:00 info] [real]: {"Robot Serial Number":{"article":290102,"running":2506023},"message":"Received robot serial number"}
[2025-12-19T11:32:01.398+00:00 info] [real]: {"message":"Guiding button is released."}
[2025-12-19T11:32:01.398+00:00 info] [real]: {"message":"Robot brakes are closed."}
[2025-12-19T11:32:01.000+00:00 info] [system]: {"message": "System started successfully."}
[2025-12-19T11:32:02.637+00:00 info] [real]: {"message":"The connection to the robot arm could be established."}
[2025-12-19T11:37:21.000+00:00 info] [system]: {"message": "System is going to power off."}
[2025-12-19T11:48:02.000+00:00 info] [system]: {"message": "System is starting."}
[2025-12-19T11:48:23.691+00:00 info] [real]: {"message":"Robot hardware is detected."}
[2025-12-19T11:48:25.224+00:00 info] [real]: {"Robot Serial Number":{"article":290102,"running":2506023},"message":"Received robot serial number"}
[2025-12-19T11:48:35.440+00:00 info] [real]: {"message":"Guiding button is released."}
[2025-12-19T11:48:35.440+00:00 info] [real]: {"message":"Robot brakes are closed."}
[2025-12-19T11:48:35.000+00:00 info] [system]: {"message": "System started successfully."}
[2025-12-19T11:48:36.708+00:00 info] [real]: {"message":"The connection to the robot arm could be established."}
[2025-12-19T11:53:13.035+00:00 info] [real]: {"message":"Robot brakes are opened."}
[2025-12-19T12:08:36.585+00:00 info] [real]: {"message":"Robot brakes are closed."}
[2025-12-19T12:08:56.000+00:00 info] [system]: {"message": "System is going to power off."}
[2025-12-19T12:23:31.000+00:00 info] [system]: {"message": "System is starting."}
[2025-12-19T12:23:52.852+00:00 info] [real]: {"message":"Robot hardware is detected."}
[2025-12-19T12:23:54.404+00:00 info] [real]: {"Robot Serial Number":{"article":290102,"running":2506023},"message":"Received robot serial number"}
[2025-12-19T12:24:07.675+00:00 info] [real]: {"message":"Guiding button is released."}
[2025-12-19T12:24:07.675+00:00 info] [real]: {"message":"Robot brakes are closed."}
[2025-12-19T12:24:07.000+00:00 info] [system]: {"message": "System started successfully."}
[2025-12-19T12:24:08.874+00:00 info] [real]: {"message":"The connection to the robot arm could be established."}
[2025-12-19T12:28:36.704+00:00 info] [real]: {"message":"Robot brakes are opened."}
[2025-12-19T13:30:43.438+00:00 info] [real]: {"message":"Robot brakes are closed."}
[2025-12-19T13:31:00.000+00:00 info] [system]: {"message": "System is going to power off."}
[2026-01-05T13:11:09.000+00:00 info] [system]: {"message": "System is starting."}
[2026-01-05T13:11:30.679+00:00 info] [real]: {"message":"Robot hardware is detected."}
[2026-01-05T13:11:32.236+00:00 info] [real]: {"Robot Serial Number":{"article":290102,"running":2506023},"message":"Received robot serial number"}
[2026-01-05T13:11:44.654+00:00 info] [real]: {"message":"Guiding button is released."}
[2026-01-05T13:11:44.654+00:00 info] [real]: {"message":"Robot brakes are closed."}
[2026-01-05T13:11:44.000+00:00 info] [system]: {"message": "System started successfully."}
[2026-01-05T13:11:45.698+00:00 info] [real]: {"message":"The connection to the robot arm could be established."}
[2026-01-05T13:27:26.006+00:00 info] [real]: {"message":"Robot brakes are opened."}
[2026-01-05T14:04:22.902+00:00 info] [real]: {"message":"Robot brakes are closed."}
[2026-01-05T14:04:48.000+00:00 info] [system]: {"message": "System is going to power off."}
[2026-01-05T14:06:52.000+00:00 info] [system]: {"message": "System is starting."}
[2026-01-05T14:07:13.725+00:00 info] [real]: {"message":"Robot hardware is detected."}
[2026-01-05T14:07:15.272+00:00 info] [real]: {"Robot Serial Number":{"article":290102,"running":2506023},"message":"Received robot serial number"}
[2026-01-05T14:07:27.157+00:00 info] [real]: {"message":"Guiding button is released."}
[2026-01-05T14:07:27.157+00:00 info] [real]: {"message":"Robot brakes are closed."}
[2026-01-05T14:07:27.000+00:00 info] [system]: {"message": "System started successfully."}
[2026-01-05T14:07:27.740+00:00 info] [real]: {"message":"The connection to the robot arm could be established."}
[2026-01-05T14:07:57.000+00:00 info] [system]: {"message": "System is going to reboot."}
[2026-01-05T14:08:26.000+00:00 info] [system]: {"message": "System is starting."}
[2026-01-05T14:08:47.789+00:00 info] [real]: {"message":"Robot hardware is detected."}
[2026-01-05T14:08:49.346+00:00 info] [real]: {"Robot Serial Number":{"article":290102,"running":2506023},"message":"Received robot serial number"}
[2026-01-05T14:09:02.539+00:00 info] [real]: {"message":"Guiding button is released."}
[2026-01-05T14:09:02.539+00:00 info] [real]: {"message":"Robot brakes are closed."}
[2026-01-05T14:09:02.000+00:00 info] [system]: {"message": "System started successfully."}
[2026-01-05T14:09:03.807+00:00 info] [real]: {"message":"The connection to the robot arm could be established."}
[2026-01-05T14:09:37.399+00:00 info] [real]: {"message":"Robot brakes are opened."}
[2026-01-05T14:10:21.054+00:00 info] [real]: {"message":"Robot brakes are closed."}
[2026-01-05T14:10:35.000+00:00 info] [system]: {"message": "System is going to power off."}
[2026-01-06T09:21:26.000+00:00 info] [system]: {"message": "System is starting."}
[2026-01-06T09:21:47.673+00:00 info] [real]: {"message":"Robot hardware is detected."}
[2026-01-06T09:21:49.252+00:00 info] [real]: {"Robot Serial Number":{"article":290102,"running":2506023},"message":"Received robot serial number"}
[2026-01-06T09:22:01.810+00:00 info] [real]: {"message":"Guiding button is released."}
[2026-01-06T09:22:01.810+00:00 info] [real]: {"message":"Robot brakes are closed."}
[2026-01-06T09:22:01.000+00:00 info] [system]: {"message": "System started successfully."}
[2026-01-06T09:22:02.688+00:00 info] [real]: {"message":"The connection to the robot arm could be established."}
[2026-01-06T09:22:29.189+00:00 info] [real]: {"message":"Robot brakes are opened."}
[2026-01-06T09:23:05.220+00:00 info] [real]: {"message":"Guiding button is pressed."}
[2026-01-06T09:23:06.092+00:00 info] [real]: {"message":"Guiding button is released."}
[2026-01-06T09:23:06.284+00:00 info] [real]: {"message":"Guiding button is pressed."}
[2026-01-06T09:23:07.718+00:00 info] [real]: {"message":"Guiding button is released."}
[2026-01-06T09:23:07.970+00:00 info] [real]: {"message":"Guiding button is pressed."}
[2026-01-06T09:23:08.682+00:00 info] [real]: {"message":"Guiding button is released."}
[2026-01-06T09:23:08.952+00:00 info] [real]: {"message":"Guiding button is pressed."}
[2026-01-06T09:23:09.330+00:00 info] [real]: {"message":"Guiding button is released."}
[2026-01-06T09:23:09.520+00:00 info] [real]: {"message":"Guiding button is pressed."}
[2026-01-06T09:23:10.574+00:00 info] [real]: {"message":"Guiding button is released."}
[2026-01-06T09:26:26.700+00:00 info] [real]: {"message":"Guiding button is pressed."}
[2026-01-06T09:26:27.678+00:00 info] [real]: {"message":"Guiding button is released."}
[2026-01-06T09:26:27.857+00:00 info] [real]: {"message":"Guiding button is pressed."}
[2026-01-06T09:26:28.534+00:00 info] [real]: {"message":"Guiding button is released."}
[2026-01-06T09:26:28.744+00:00 info] [real]: {"message":"Guiding button is pressed."}
[2026-01-06T09:26:30.253+00:00 info] [real]: {"message":"Guiding button is released."}
[2026-01-06T09:26:30.807+00:00 info] [real]: {"message":"Guiding button is pressed."}
[2026-01-06T09:26:32.268+00:00 info] [real]: {"message":"Guiding button is released."}
[2026-01-06T09:26:35.397+00:00 info] [real]: {"message":"Guiding button is pressed."}
[2026-01-06T09:26:36.038+00:00 info] [real]: {"message":"Guiding button is released."}
[2026-01-06T09:26:36.298+00:00 info] [real]: {"message":"Guiding button is pressed."}
[2026-01-06T09:26:37.227+00:00 info] [real]: {"message":"Guiding button is released."}
[2026-01-06T09:27:32.071+00:00 info] [real]: {"message":"Robot brakes are closed."}
[2026-01-06T09:27:45.988+00:00 info] [real]: {"message":"Robot brakes are opened."}
[2026-01-06T09:29:04.822+00:00 info] [real]: {"message":"Guiding button is pressed."}
[2026-01-06T09:29:05.382+00:00 info] [real]: {"message":"Guiding button is released."}
[2026-01-06T09:29:05.585+00:00 info] [real]: {"message":"Guiding button is pressed."}
[2026-01-06T09:29:07.053+00:00 info] [real]: {"message":"Guiding button is released."}
[2026-01-06T09:29:07.243+00:00 info] [real]: {"message":"Guiding button is pressed."}
[2026-01-06T09:29:07.863+00:00 info] [real]: {"message":"Guiding button is released."}
[2026-01-06T09:40:06.562+00:00 info] [real]: {"message":"Guiding button is pressed."}
[2026-01-06T09:40:07.743+00:00 info] [real]: {"message":"Guiding button is released."}
[2026-01-06T09:40:08.213+00:00 info] [real]: {"message":"Guiding button is pressed."}
[2026-01-06T09:40:10.522+00:00 info] [real]: {"message":"Guiding button is released."}
[2026-01-06T09:42:23.952+00:00 info] [real]: {"message":"Guiding button is pressed."}
[2026-01-06T09:42:28.973+00:00 info] [real]: {"message":"Guiding button is released."}
[2026-01-06T09:42:29.513+00:00 info] [real]: {"message":"Guiding button is pressed."}
[2026-01-06T09:42:33.263+00:00 info] [real]: {"message":"Guiding button is released."}
[2026-01-06T09:52:18.013+00:00 info] [real]: {"message":"Guiding button is pressed."}
[2026-01-06T09:52:19.209+00:00 info] [real]: {"message":"Guiding button is released."}
[2026-01-06T09:52:19.468+00:00 info] [real]: {"message":"Guiding button is pressed."}
[2026-01-06T09:52:23.233+00:00 info] [real]: {"message":"Guiding button is released."}
[2026-01-06T09:52:53.388+00:00 info] [real]: {"message":"Guiding button is pressed."}
[2026-01-06T09:52:55.622+00:00 info] [real]: {"message":"Guiding button is released."}
[2026-01-06T09:52:55.888+00:00 info] [real]: {"message":"Guiding button is pressed."}
[2026-01-06T09:52:57.638+00:00 info] [real]: {"message":"Guiding button is released."}
[2026-01-06T09:53:13.789+00:00 info] [real]: {"message":"Guiding button is pressed."}
[2026-01-06T09:53:15.678+00:00 info] [real]: {"message":"Guiding button is released."}
[2026-01-06T10:03:46.763+00:00 info] [real]: {"message":"Guiding button is pressed."}
[2026-01-06T10:03:52.029+00:00 info] [real]: {"message":"Guiding button is released."}
[2026-01-06T10:03:52.982+00:00 info] [real]: {"message":"Guiding button is pressed."}
[2026-01-06T10:03:59.149+00:00 info] [real]: {"message":"Guiding button is released."}
[2026-01-06T10:03:59.508+00:00 info] [real]: {"message":"Guiding button is pressed."}
[2026-01-06T10:04:00.945+00:00 info] [real]: {"message":"Guiding button is released."}
[2026-01-06T10:04:01.178+00:00 info] [real]: {"message":"Guiding button is pressed."}
[2026-01-06T10:04:04.888+00:00 info] [real]: {"message":"Guiding button is released."}
[2026-01-06T10:12:20.169+00:00 info] [real]: {"message":"Guiding button is pressed."}
[2026-01-06T10:12:23.495+00:00 info] [real]: {"message":"Guiding button is released."}
[2026-01-06T10:12:23.807+00:00 info] [real]: {"message":"Guiding button is pressed."}
[2026-01-06T10:12:25.117+00:00 info] [real]: {"message":"Guiding button is released."}
[2026-01-06T10:12:25.487+00:00 info] [real]: {"message":"Guiding button is pressed."}
[2026-01-06T10:12:34.965+00:00 info] [real]: {"message":"Guiding button is released."}
[2026-01-06T10:12:35.112+00:00 info] [real]: {"message":"Guiding button is pressed."}
[2026-01-06T10:12:36.055+00:00 info] [real]: {"message":"Guiding button is released."}
[2026-01-06T10:12:36.225+00:00 info] [real]: {"message":"Guiding button is pressed."}
[2026-01-06T10:12:38.615+00:00 info] [real]: {"message":"Guiding button is released."}
[2026-01-06T10:39:28.208+00:00 info] [real]: {"message":"Guiding button is pressed."}
[2026-01-06T10:39:32.538+00:00 info] [real]: {"message":"Guiding button is released."}
[2026-01-06T10:39:33.004+00:00 info] [real]: {"message":"Guiding button is pressed."}
[2026-01-06T10:39:40.014+00:00 info] [real]: {"message":"Guiding button is released."}
[2026-01-06T10:39:49.453+00:00 info] [real]: {"message":"Guiding button is pressed."}
[2026-01-06T10:39:56.257+00:00 info] [real]: {"message":"Guiding button is released."}
[2026-01-06T10:39:56.528+00:00 info] [real]: {"message":"Guiding button is pressed."}
[2026-01-06T10:40:06.020+00:00 info] [real]: {"message":"Guiding button is released."}
[2026-01-06T10:40:07.420+00:00 info] [real]: {"message":"Guiding button is pressed."}
[2026-01-06T10:40:08.088+00:00 info] [real]: {"message":"Guiding button is released."}
[2026-01-06T10:40:09.239+00:00 info] [real]: {"message":"Guiding button is pressed."}
[2026-01-06T10:40:52.890+00:00 info] [real]: {"message":"Guiding button is released."}
[2026-01-06T10:43:09.687+00:00 info] [real]: {"message":"Guiding button is pressed."}
[2026-01-06T10:45:16.445+00:00 info] [real]: {"message":"Guiding button is released."}
[2026-01-06T10:45:22.463+00:00 info] [real]: {"message":"Guiding button is pressed."}
[2026-01-06T10:45:28.025+00:00 info] [real]: {"message":"Guiding button is released."}
[2026-01-06T10:45:30.918+00:00 info] [real]: {"message":"Guiding button is pressed."}
[2026-01-06T10:45:34.009+00:00 info] [real]: {"message":"Guiding button is released."}
[2026-01-06T10:48:48.298+00:00 info] [real]: {"message":"Guiding button is pressed."}
[2026-01-06T10:50:24.837+00:00 info] [real]: {"message":"Guiding button is released."}
[2026-01-06T10:50:24.957+00:00 info] [real]: {"message":"Guiding button is pressed."}
[2026-01-06T10:54:00.225+00:00 info] [real]: {"message":"Guiding button is released."}
[2026-01-06T10:54:00.485+00:00 info] [real]: {"message":"Guiding button is pressed."}
[2026-01-06T10:54:05.989+00:00 info] [real]: {"message":"Guiding button is released."}
[2026-01-06T10:54:06.317+00:00 info] [real]: {"message":"Guiding button is pressed."}
[2026-01-06T10:54:11.155+00:00 info] [real]: {"message":"Guiding button is released."}
[2026-01-06T10:54:11.597+00:00 info] [real]: {"message":"Guiding button is pressed."}
[2026-01-06T10:54:13.115+00:00 info] [real]: {"message":"Guiding button is released."}
[2026-01-06T10:54:14.045+00:00 info] [real]: {"message":"Guiding button is pressed."}
[2026-01-06T10:54:28.618+00:00 info] [real]: {"message":"Guiding button is released."}
[2026-01-06T10:54:29.769+00:00 info] [real]: {"message":"Guiding button is pressed."}
[2026-01-06T10:54:32.943+00:00 info] [real]: {"message":"Guiding button is released."}
[2026-01-06T10:54:34.683+00:00 info] [real]: {"message":"Guiding button is pressed."}
[2026-01-06T10:54:37.955+00:00 info] [real]: {"message":"Guiding button is released."}
[2026-01-06T10:54:38.152+00:00 info] [real]: {"message":"Guiding button is pressed."}
[2026-01-06T10:54:39.573+00:00 info] [real]: {"message":"Guiding button is released."}
[2026-01-06T10:54:39.883+00:00 info] [real]: {"message":"Guiding button is pressed."}
[2026-01-06T10:54:43.189+00:00 info] [real]: {"message":"Guiding button is released."}
[2026-01-06T10:56:20.332+00:00 info] [real]: {"message":"Guiding button is pressed."}
[2026-01-06T10:56:27.634+00:00 info] [real]: {"message":"Guiding button is released."}
[2026-01-06T10:56:27.954+00:00 info] [real]: {"message":"Guiding button is pressed."}
[2026-01-06T10:56:29.082+00:00 info] [real]: {"message":"Guiding button is released."}
[2026-01-06T10:56:29.432+00:00 info] [real]: {"message":"Guiding button is pressed."}
[2026-01-06T10:56:31.960+00:00 info] [real]: {"message":"Guiding button is released."}
[2026-01-06T10:56:32.285+00:00 info] [real]: {"message":"Guiding button is pressed."}
[2026-01-06T10:56:37.352+00:00 info] [real]: {"message":"Guiding button is released."}
[2026-01-06T10:56:37.634+00:00 info] [real]: {"message":"Guiding button is pressed."}
[2026-01-06T10:56:40.310+00:00 info] [real]: {"message":"Guiding button is released."}
[2026-01-06T10:56:40.545+00:00 info] [real]: {"message":"Guiding button is pressed."}
[2026-01-06T10:56:41.095+00:00 info] [real]: {"message":"Guiding button is released."}
[2026-01-06T10:56:41.782+00:00 info] [real]: {"message":"Guiding button is pressed."}
[2026-01-06T10:56:48.502+00:00 info] [real]: {"message":"Guiding button is released."}
[2026-01-06T10:56:48.712+00:00 info] [real]: {"message":"Guiding button is pressed."}
[2026-01-06T10:56:55.348+00:00 info] [real]: {"message":"Guiding button is released."}
[2026-01-06T10:56:55.740+00:00 info] [real]: {"message":"Guiding button is pressed."}
[2026-01-06T10:56:58.264+00:00 info] [real]: {"message":"Guiding button is released."}
[2026-01-06T10:56:58.560+00:00 info] [real]: {"message":"Guiding button is pressed."}
[2026-01-06T10:56:59.234+00:00 info] [real]: {"message":"Guiding button is released."}
[2026-01-06T10:57:00.348+00:00 info] [real]: {"message":"Guiding button is pressed."}
[2026-01-06T10:57:07.144+00:00 info] [real]: {"message":"Guiding button is released."}
[2026-01-06T11:02:44.299+00:00 info] [real]: {"message":"Guiding button is pressed."}
[2026-01-06T11:02:51.370+00:00 info] [real]: {"message":"Guiding button is released."}
[2026-01-06T11:02:52.139+00:00 info] [real]: {"message":"Guiding button is pressed."}
[2026-01-06T11:02:55.979+00:00 info] [real]: {"message":"Guiding button is released."}
[2026-01-06T11:02:56.205+00:00 info] [real]: {"message":"Guiding button is pressed."}
[2026-01-06T11:03:06.272+00:00 info] [real]: {"message":"Guiding button is released."}
[2026-01-06T11:13:16.990+00:00 info] [real]: {"message":"Guiding button is pressed."}
[2026-01-06T11:13:25.793+00:00 info] [real]: {"message":"Guiding button is released."}
[2026-01-06T11:37:00.325+00:00 info] [real]: {"message":"Robot brakes are closed."}
[2026-01-06T11:37:02.000+00:00 info] [system]: {"message": "System is going to power off."}
[2026-01-07T09:33:12.000+00:00 info] [system]: {"message": "System is starting."}
[2026-01-07T09:51:17.000+00:00 info] [system]: {"message": "System is starting."}
[2026-01-07T09:51:38.710+00:00 info] [real]: {"message":"Robot hardware is detected."}
[2026-01-07T09:51:40.278+00:00 info] [real]: {"Robot Serial Number":{"article":290102,"running":2506023},"message":"Received robot serial number"}
[2026-01-07T09:52:00.028+00:00 info] [real]: {"message":"Guiding button is released."}
[2026-01-07T09:52:00.028+00:00 info] [real]: {"message":"Robot brakes are closed."}
[2026-01-07T09:52:00.000+00:00 info] [system]: {"message": "System started successfully."}
[2026-01-07T09:52:00.733+00:00 info] [real]: {"message":"The connection to the robot arm could be established."}
[2026-01-07T09:54:20.385+00:00 info] [real]: {"message":"Robot brakes are opened."}
[2026-01-07T09:54:45.996+00:00 info] [real]: {"message":"Guiding button is pressed."}
[2026-01-07T09:54:51.200+00:00 info] [real]: {"message":"Guiding button is released."}
[2026-01-07T11:46:06.296+00:00 info] [real]: {"message":"Guiding button is pressed."}
[2026-01-07T11:46:08.216+00:00 info] [real]: {"message":"Guiding button is released."}
[2026-01-07T11:46:08.628+00:00 info] [real]: {"message":"Guiding button is pressed."}
[2026-01-07T13:13:39.515+00:00 info] [real]: {"message":"Guiding button is released."}
[2026-01-07T14:01:21.411+00:00 info] [real]: {"message":"Guiding button is pressed."}
[2026-01-07T14:01:37.700+00:00 info] [real]: {"message":"Guiding button is released."}
[2026-01-07T14:01:37.971+00:00 info] [real]: {"message":"Guiding button is pressed."}
[2026-01-07T14:01:39.453+00:00 info] [real]: {"message":"Guiding button is released."}
[2026-01-07T14:01:39.993+00:00 info] [real]: {"message":"Guiding button is pressed."}
[2026-01-07T14:01:41.181+00:00 info] [real]: {"message":"Guiding button is released."}
[2026-01-07T14:01:41.391+00:00 info] [real]: {"message":"Guiding button is pressed."}
[2026-01-07T14:01:46.303+00:00 info] [real]: {"message":"Guiding button is released."}
[2026-01-07T14:48:37.486+00:00 info] [real]: {"message":"Robot brakes are closed."}
[2026-01-07T14:48:49.000+00:00 info] [system]: {"message": "System is going to power off."}
[2026-01-07T15:23:00.000+00:00 info] [system]: {"message": "System is starting."}
[2026-01-07T15:23:21.689+00:00 info] [real]: {"message":"Robot hardware is detected."}
[2026-01-07T15:23:23.240+00:00 info] [real]: {"Robot Serial Number":{"article":290102,"running":2506023},"message":"Received robot serial number"}
[2026-01-07T15:23:34.430+00:00 info] [real]: {"message":"Guiding button is released."}
[2026-01-07T15:23:34.430+00:00 info] [real]: {"message":"Robot brakes are closed."}
[2026-01-07T15:23:34.000+00:00 info] [system]: {"message": "System started successfully."}
[2026-01-07T15:23:35.706+00:00 info] [real]: {"message":"The connection to the robot arm could be established."}
[2026-01-07T15:25:32.756+00:00 info] [real]: {"message":"Robot brakes are opened."}
[2026-01-07T15:52:29.553+00:00 info] [real]: {"message":"Robot brakes are closed."}
[2026-01-07T15:53:01.000+00:00 info] [system]: {"message": "System is going to power off."}
[2026-01-08T07:52:02.000+00:00 info] [system]: {"message": "System is starting."}
[2026-01-08T07:52:23.699+00:00 info] [real]: {"message":"Robot hardware is detected."}
[2026-01-08T07:52:25.219+00:00 info] [real]: {"Robot Serial Number":{"article":290102,"running":2506023},"message":"Received robot serial number"}
[2026-01-08T07:52:36.191+00:00 info] [real]: {"message":"Guiding button is released."}
[2026-01-08T07:52:36.191+00:00 info] [real]: {"message":"Robot brakes are closed."}
[2026-01-08T07:52:36.000+00:00 info] [system]: {"message": "System started successfully."}
[2026-01-08T07:52:36.712+00:00 info] [real]: {"message":"The connection to the robot arm could be established."}
[2026-01-08T08:16:28.000+00:00 info] [admin-server]: {"message":"System Update: Successfully downloaded system image update with version 5.9.1."}
[2026-01-08T08:16:28.000+00:00 info] [admin-server]: {"message":"System Update: Successfully downloaded the following apps ["apply_force_skill","cartesian_motion","fe_lib_assembly","fe_lib_components","fe_lib_gripper","fe_lib_modbus","fe_lib_opcua","fe_lib_pump","fe_lib_robot","franka_lib_assembly","franka_lib_components","franka_lib_composites","franka_lib_gripper","franka_lib_modbus","franka_lib_opcua","franka_lib_pump","franka_lib_robot","franka_lib_utils","joint_motion","move"]"}
[2026-01-08T08:16:45.000+00:00 info] [admin-server]: {"message":"System Update: Starting to apply changes from the Franka World."}
[2026-01-08T08:16:45.000+00:00 info] [admin-server]: {"message":"System Update: The following apps are going to be updated: fromList ["apply_force_skill","cartesian_motion","franka_lib_components","franka_lib_opcua","franka_lib_robot","joint_motion","move"]"}
[2026-01-08T08:16:45.000+00:00 info] [admin-server]: {"message":"System Update: Updating system image version from 5.8.0 to 5.9.1."}
[2026-01-08T08:16:45.000+00:00 info] [admin-server]: {"message":"System Update: System image installation started. Automatic reboot will be performed!"}
[2026-01-08T08:17:03.000+00:00 info] [system]: {"message": "System is going to reboot."}
[2026-01-08T08:17:37.000+00:00 info] [system]: {"message": "System is starting."}
[2026-01-08T08:18:22.000+00:00 info] [system]: {"message": "System is going to reboot."}
[2026-01-08T08:18:59.000+00:00 info] [system]: {"message": "System is starting."}
[2026-01-08T08:19:18.137+00:00 info] [real]: {"message":"Robot hardware is detected."}
[2026-01-08T08:20:32.223+00:00 info] [real]: {"message":"No robot hardware could be detected."}
[2026-01-08T08:20:42.234+00:00 info] [real]: {"message":"Robot hardware is detected."}
[2026-01-08T08:20:47.240+00:00 info] [real]: {"message":"No robot hardware could be detected."}
[2026-01-08T08:20:57.252+00:00 info] [real]: {"message":"Robot hardware is detected."}
[2026-01-08T08:20:58.593+00:00 info] [real]: {"Robot Serial Number":{"article":290102,"running":2506023},"message":"Received robot serial number"}
[2026-01-08T08:21:13.838+00:00 info] [real]: {"message":"Guiding button is released."}
[2026-01-08T08:21:13.838+00:00 info] [real]: {"message":"Robot brakes are closed."}
[2026-01-08T08:21:13.000+00:00 info] [system]: {"message": "System started successfully."}
[2026-01-08T08:21:14.273+00:00 info] [real]: {"message":"The connection to the robot arm could be established."}
[2026-01-08T08:27:05.961+00:00 info] [real]: {"message":"Robot brakes are opened."}
[2026-01-08T08:28:00.094+00:00 info] [real]: {"message":"Guiding button is pressed."}
[2026-01-08T08:28:07.576+00:00 info] [real]: {"message":"Guiding button is released."}
[2026-01-08T08:28:08.006+00:00 info] [real]: {"message":"Guiding button is pressed."}
[2026-01-08T08:28:10.346+00:00 info] [real]: {"message":"Guiding button is released."}
[2026-01-08T08:28:10.714+00:00 info] [real]: {"message":"Guiding button is pressed."}
[2026-01-08T08:28:12.662+00:00 info] [real]: {"message":"Guiding button is released."}
[2026-01-08T08:28:12.930+00:00 info] [real]: {"message":"Guiding button is pressed."}
[2026-01-08T08:28:14.138+00:00 info] [real]: {"message":"Guiding button is released."}
[2026-01-08T08:28:40.880+00:00 info] [real]: {"message":"Guiding button is pressed."}
[2026-01-08T08:28:43.871+00:00 info] [real]: {"message":"Guiding button is released."}
[2026-01-08T08:29:02.588+00:00 info] [real]: {"message":"Guiding button is pressed."}
[2026-01-08T08:29:03.430+00:00 info] [real]: {"message":"Guiding button is released."}
[2026-01-08T08:29:04.096+00:00 info] [real]: {"message":"Guiding button is pressed."}
[2026-01-08T08:29:04.786+00:00 info] [real]: {"message":"Guiding button is released."}
[2026-01-08T08:29:05.170+00:00 info] [real]: {"message":"Guiding button is pressed."}
[2026-01-08T08:29:08.068+00:00 info] [real]: {"message":"Guiding button is released."}
[2026-01-08T09:40:24.287+00:00 info] [real]: {"message":"Robot brakes are closed."}
[2026-01-08T09:57:30.539+00:00 info] [real]: {"message":"Robot brakes are opened."}
[2026-01-08T10:38:49.371+00:00 info] [real]: {"message":"Robot brakes are closed."}
[2026-01-08T10:38:49.593+00:00 info] [real]: {"message":"The connection to the robot arm was terminated."}
[2026-01-08T10:41:06.000+00:00 info] [system]: {"message": "System is going to reboot."}
[2026-01-08T10:41:38.000+00:00 info] [system]: {"message": "System is starting."}
[2026-01-08T10:42:04.079+00:00 info] [real]: {"message":"Robot hardware is detected."}
[2026-01-08T10:42:05.682+00:00 info] [real]: {"Robot Serial Number":{"article":290102,"running":2506023},"message":"Received robot serial number"}
[2026-01-08T10:42:23.006+00:00 info] [real]: {"message":"Guiding button is released."}
[2026-01-08T10:42:23.006+00:00 info] [real]: {"message":"Robot brakes are closed."}
[2026-01-08T10:42:23.000+00:00 info] [system]: {"message": "System started successfully."}
[2026-01-08T10:42:24.104+00:00 info] [real]: {"message":"The connection to the robot arm could be established."}
[2026-01-08T10:43:26.000+00:00 info] [system]: {"message": "System is going to reboot."}
[2026-01-08T10:43:57.000+00:00 info] [system]: {"message": "System is starting."}
[2026-01-08T10:44:23.095+00:00 info] [real]: {"message":"Robot hardware is detected."}
[2026-01-08T10:44:24.694+00:00 info] [real]: {"Robot Serial Number":{"article":290102,"running":2506023},"message":"Received robot serial number"}
[2026-01-08T10:44:40.911+00:00 info] [real]: {"message":"Guiding button is released."}
[2026-01-08T10:44:40.911+00:00 info] [real]: {"message":"Robot brakes are closed."}
[2026-01-08T10:44:40.000+00:00 info] [system]: {"message": "System started successfully."}
[2026-01-08T10:44:42.117+00:00 info] [real]: {"message":"The connection to the robot arm could be established."}
[2026-01-08T11:04:01.175+00:00 info] [real]: {"message":"Robot brakes are opened."}
[2026-01-08T11:04:24.045+00:00 info] [real]: {"message":"Guiding button is pressed."}
[2026-01-08T11:04:26.174+00:00 info] [real]: {"message":"Guiding button is released."}
[2026-01-08T11:32:27.000+00:00 info] [real]: {"message":"Robot brakes are closed."}
[2026-01-08T11:32:54.000+00:00 info] [system]: {"message": "System is going to power off."}
[2026-01-09T08:26:12.000+00:00 info] [system]: {"message": "System is starting."}
[2026-01-09T08:26:36.071+00:00 info] [real]: {"message":"Robot hardware is detected."}
[2026-01-09T08:26:37.679+00:00 info] [real]: {"Robot Serial Number":{"article":290102,"running":2506023},"message":"Received robot serial number"}
[2026-01-09T08:26:52.584+00:00 info] [real]: {"message":"Guiding button is released."}
[2026-01-09T08:26:52.584+00:00 info] [real]: {"message":"Robot brakes are closed."}
[2026-01-09T08:26:52.000+00:00 info] [system]: {"message": "System started successfully."}
[2026-01-09T08:26:53.089+00:00 info] [real]: {"message":"The connection to the robot arm could be established."}
[2026-01-09T08:29:09.893+00:00 info] [real]: {"message":"Robot brakes are opened."}
[2026-01-09T08:43:23.266+00:00 info] [real]: {"message":"Robot brakes are closed."}
[2026-01-09T09:00:50.706+00:00 info] [real]: {"message":"Robot brakes are opened."}
[2026-01-09T09:02:19.605+00:00 info] [real]: {"message":"Robot brakes are closed."}
[2026-01-09T09:02:40.132+00:00 info] [real]: {"message":"The connection to the robot arm was terminated."}
[2026-01-09T09:02:42.134+00:00 info] [real]: {"message":"No robot hardware could be detected."}
[2026-01-09T09:02:52.146+00:00 info] [real]: {"message":"Robot hardware is detected."}
[2026-01-09T09:02:53.659+00:00 info] [real]: {"Robot Serial Number":{"article":290102,"running":2506023},"message":"Received robot serial number"}
[2026-01-09T09:02:53.000+00:00 info] [system]: {"message": "System started successfully."}
[2026-01-09T09:03:13.173+00:00 info] [real]: {"message":"The connection to the robot arm could be established."}
[2026-01-09T09:03:34.618+00:00 info] [real]: {"message":"Robot brakes are opened."}
[2026-01-09T09:17:06.043+00:00 info] [real]: {"message":"Guiding button is pressed."}
[2026-01-09T09:17:10.091+00:00 info] [real]: {"message":"Guiding button is released."}
[2026-01-09T09:17:10.558+00:00 info] [real]: {"message":"Guiding button is pressed."}
[2026-01-09T09:17:11.321+00:00 info] [real]: {"message":"Guiding button is released."}
[2026-01-09T10:54:27.097+00:00 info] [real]: {"message":"Robot brakes are closed."}
[2026-01-09T10:54:30.000+00:00 info] [system]: {"message": "System is going to power off."}
[2026-01-09T13:55:55.000+00:00 info] [system]: {"message": "System is starting."}
[2026-01-09T13:56:19.069+00:00 info] [real]: {"message":"Robot hardware is detected."}
[2026-01-09T13:56:20.787+00:00 info] [real]: {"Robot Serial Number":{"article":290102,"running":2506023},"message":"Received robot serial number"}
[2026-01-09T13:56:34.947+00:00 info] [real]: {"message":"Guiding button is released."}
[2026-01-09T13:56:34.947+00:00 info] [real]: {"message":"Robot brakes are closed."}
[2026-01-09T13:56:34.000+00:00 info] [system]: {"message": "System started successfully."}
[2026-01-09T13:56:36.087+00:00 info] [real]: {"message":"The connection to the robot arm could be established."}
[2026-01-09T13:57:46.396+00:00 info] [real]: {"message":"Robot brakes are opened."}
[2026-01-09T13:58:42.453+00:00 info] [real]: {"message":"Guiding button is pressed."}
[2026-01-09T13:58:45.082+00:00 info] [real]: {"message":"Guiding button is released."}
[2026-01-09T13:58:47.890+00:00 info] [real]: {"message":"Guiding button is pressed."}
[2026-01-09T13:58:50.240+00:00 info] [real]: {"message":"Guiding button is released."}
[2026-01-09T14:13:14.192+00:00 info] [real]: {"message":"Robot brakes are closed."}
[2026-01-09T14:13:28.000+00:00 info] [system]: {"message": "System is going to power off."}
[2026-01-12T07:47:10.000+00:00 info] [system]: {"message": "System is starting."}
[2026-01-12T07:47:34.056+00:00 info] [real]: {"message":"Robot hardware is detected."}
[2026-01-12T07:47:35.739+00:00 info] [real]: {"Robot Serial Number":{"article":290102,"running":2506023},"message":"Received robot serial number"}
[2026-01-12T07:47:51.887+00:00 info] [real]: {"message":"Guiding button is released."}
[2026-01-12T07:47:51.887+00:00 info] [real]: {"message":"Robot brakes are closed."}
[2026-01-12T07:47:51.000+00:00 info] [system]: {"message": "System started successfully."}
[2026-01-12T07:47:53.079+00:00 info] [real]: {"message":"The connection to the robot arm could be established."}
[2026-01-12T07:50:03.749+00:00 info] [real]: {"message":"Robot brakes are opened."}
[2026-01-12T07:55:52.395+00:00 info] [real]: {"message":"Robot brakes are closed."}
[2026-01-12T07:55:57.000+00:00 info] [system]: {"message": "System is going to power off."}
[2026-01-12T13:55:00.000+00:00 info] [system]: {"message": "System is starting."}
[2026-01-12T13:55:24.084+00:00 info] [real]: {"message":"Robot hardware is detected."}
[2026-01-12T13:55:25.683+00:00 info] [real]: {"Robot Serial Number":{"article":290102,"running":2506023},"message":"Received robot serial number"}
[2026-01-12T13:55:40.123+00:00 info] [real]: {"message":"Guiding button is released."}
[2026-01-12T13:55:40.123+00:00 info] [real]: {"message":"Robot brakes are closed."}
[2026-01-12T13:55:40.000+00:00 info] [system]: {"message": "System started successfully."}
[2026-01-12T13:55:41.104+00:00 info] [real]: {"message":"The connection to the robot arm could be established."}
[2026-01-12T14:23:15.929+00:00 info] [real]: {"message":"Robot brakes are opened."}
[2026-01-12T14:44:46.555+00:00 info] [real]: {"message":"Guiding button is pressed."}
[2026-01-12T14:44:48.535+00:00 info] [real]: {"message":"Guiding button is released."}
[2026-01-12T14:49:04.186+00:00 info] [real]: {"message":"Robot brakes are closed."}
[2026-01-12T14:49:12.000+00:00 info] [system]: {"message": "System is going to power off."}
[2026-01-13T13:35:18.000+00:00 info] [system]: {"message": "System is starting."}
[2026-01-13T13:35:42.054+00:00 info] [real]: {"message":"Robot hardware is detected."}
[2026-01-13T13:35:43.675+00:00 info] [real]: {"Robot Serial Number":{"article":290102,"running":2506023},"message":"Received robot serial number"}
[2026-01-13T13:35:59.653+00:00 info] [real]: {"message":"Guiding button is released."}
[2026-01-13T13:35:59.653+00:00 info] [real]: {"message":"Robot brakes are closed."}
[2026-01-13T13:35:59.000+00:00 info] [system]: {"message": "System started successfully."}
[2026-01-13T13:36:00.075+00:00 info] [real]: {"message":"The connection to the robot arm could be established."}
[2026-01-13T13:41:02.217+00:00 info] [real]: {"message":"Robot brakes are opened."}
[2026-01-13T14:03:19.772+00:00 info] [real]: {"message":"Guiding button is pressed."}
[2026-01-13T14:03:23.318+00:00 info] [real]: {"message":"Guiding button is released."}
[2026-01-13T14:03:23.638+00:00 info] [real]: {"message":"Guiding button is pressed."}
[2026-01-13T14:03:26.256+00:00 info] [real]: {"message":"Guiding button is released."}
[2026-01-13T14:03:26.560+00:00 info] [real]: {"message":"Guiding button is pressed."}
[2026-01-13T14:03:36.034+00:00 info] [real]: {"message":"Guiding button is released."}
[2026-01-13T14:03:36.287+00:00 info] [real]: {"message":"Guiding button is pressed."}
[2026-01-13T14:03:37.604+00:00 info] [real]: {"message":"Guiding button is released."}
[2026-01-13T14:03:37.830+00:00 info] [real]: {"message":"Guiding button is pressed."}
[2026-01-13T14:03:39.002+00:00 info] [real]: {"message":"Guiding button is released."}
[2026-01-13T14:03:39.520+00:00 info] [real]: {"message":"Guiding button is pressed."}
[2026-01-13T14:03:40.924+00:00 info] [real]: {"message":"Guiding button is released."}
[2026-01-13T14:03:41.230+00:00 info] [real]: {"message":"Guiding button is pressed."}
[2026-01-13T14:03:44.468+00:00 info] [real]: {"message":"Guiding button is released."}
[2026-01-13T14:03:44.806+00:00 info] [real]: {"message":"Guiding button is pressed."}
[2026-01-13T14:05:52.656+00:00 info] [real]: {"message":"Guiding button is released."}
[2026-01-13T14:09:23.859+00:00 info] [real]: {"message":"Robot brakes are closed."}
[2026-01-13T14:09:55.184+00:00 info] [real]: {"message":"Robot brakes are opened."}
[2026-01-13T14:47:54.377+00:00 info] [real]: {"message":"Robot brakes are closed."}
[2026-01-13T14:47:54.378+00:00 info] [real]: {"message":"Robot brakes are opened."}
[2026-01-13T15:07:02.933+00:00 info] [real]: {"message":"Guiding button is pressed."}
[2026-01-13T15:07:13.581+00:00 info] [real]: {"message":"Guiding button is released."}
[2026-01-13T15:07:13.827+00:00 info] [real]: {"message":"Guiding button is pressed."}
[2026-01-13T15:07:14.859+00:00 info] [real]: {"message":"Guiding button is released."}
[2026-01-13T15:07:15.161+00:00 info] [real]: {"message":"Guiding button is pressed."}
[2026-01-13T15:07:28.613+00:00 info] [real]: {"message":"Guiding button is released."}
[2026-01-13T15:07:28.867+00:00 info] [real]: {"message":"Guiding button is pressed."}
[2026-01-13T15:07:32.554+00:00 info] [real]: {"message":"Guiding button is released."}
[2026-01-13T15:07:33.160+00:00 info] [real]: {"message":"Guiding button is pressed."}
[2026-01-13T15:07:35.582+00:00 info] [real]: {"message":"Guiding button is released."}
[2026-01-13T15:07:35.796+00:00 info] [real]: {"message":"Guiding button is pressed."}
[2026-01-13T15:07:38.134+00:00 info] [real]: {"message":"Guiding button is released."}
[2026-01-13T15:07:38.384+00:00 info] [real]: {"message":"Guiding button is pressed."}
[2026-01-13T15:07:38.499+00:00 info] [real]: {"message":"Robot brakes are closed."}
[2026-01-13T15:07:39.853+00:00 info] [real]: {"message":"Guiding button is released."}
[2026-01-13T15:07:41.336+00:00 info] [real]: {"message":"Guiding button is pressed."}
[2026-01-13T15:07:42.298+00:00 info] [real]: {"message":"Guiding button is released."}
[2026-01-13T15:07:50.343+00:00 info] [real]: {"message":"The connection to the robot arm was terminated."}
[2026-01-13T15:07:52.345+00:00 info] [real]: {"message":"No robot hardware could be detected."}
[2026-01-13T15:07:55.000+00:00 info] [system]: {"message": "System is going to reboot."}
[2026-01-13T15:08:26.000+00:00 info] [system]: {"message": "System is starting."}
[2026-01-13T15:08:52.064+00:00 info] [real]: {"message":"Robot hardware is detected."}
[2026-01-13T15:08:53.674+00:00 info] [real]: {"Robot Serial Number":{"article":290102,"running":2506023},"message":"Received robot serial number"}
[2026-01-13T15:09:09.153+00:00 info] [real]: {"message":"Guiding button is released."}
[2026-01-13T15:09:09.153+00:00 info] [real]: {"message":"Robot brakes are closed."}
[2026-01-13T15:09:09.000+00:00 info] [system]: {"message": "System started successfully."}
[2026-01-13T15:09:10.085+00:00 info] [real]: {"message":"The connection to the robot arm could be established."}
[2026-01-13T15:09:37.026+00:00 info] [real]: {"message":"Robot brakes are opened."}
[2026-01-13T15:48:37.153+00:00 info] [real]: {"message":"Robot brakes are closed."}
[2026-01-13T15:48:37.154+00:00 info] [real]: {"message":"Robot brakes are opened."}
[2026-01-14T08:43:14.000+00:00 info] [system]: {"message": "System is starting."}
[2026-01-14T08:43:38.156+00:00 info] [real]: {"message":"Robot hardware is detected."}
[2026-01-14T08:43:39.775+00:00 info] [real]: {"Robot Serial Number":{"article":290102,"running":2506023},"message":"Received robot serial number"}
[2026-01-14T08:43:55.261+00:00 info] [real]: {"message":"Guiding button is released."}
[2026-01-14T08:43:55.261+00:00 info] [real]: {"message":"Robot brakes are closed."}
[2026-01-14T08:43:55.000+00:00 info] [system]: {"message": "System started successfully."}
[2026-01-14T08:43:56.179+00:00 info] [real]: {"message":"The connection to the robot arm could be established."}
[2026-01-14T08:47:29.554+00:00 info] [real]: {"message":"Robot brakes are opened."}
[2026-01-14T08:54:10.597+00:00 info] [real]: {"message":"Robot brakes are closed."}
[2026-01-14T08:54:12.000+00:00 info] [system]: {"message": "System is going to power off."}
[2026-01-14T10:53:38.000+00:00 info] [system]: {"message": "System is starting."}
[2026-01-14T10:54:02.047+00:00 info] [real]: {"message":"Robot hardware is detected."}
[2026-01-14T10:54:03.699+00:00 info] [real]: {"Robot Serial Number":{"article":290102,"running":2506023},"message":"Received robot serial number"}
[2026-01-14T10:54:19.008+00:00 info] [real]: {"message":"Guiding button is released."}
[2026-01-14T10:54:19.008+00:00 info] [real]: {"message":"Robot brakes are closed."}
[2026-01-14T10:54:19.000+00:00 info] [system]: {"message": "System started successfully."}
[2026-01-14T10:54:20.068+00:00 info] [real]: {"message":"The connection to the robot arm could be established."}
[2026-01-14T10:58:15.470+00:00 info] [real]: {"message":"Robot brakes are opened."}
[2026-01-14T11:38:37.051+00:00 info] [real]: {"message":"Guiding button is pressed."}
[2026-01-14T11:38:39.604+00:00 info] [real]: {"message":"Guiding button is released."}
[2026-01-14T11:59:16.927+00:00 info] [real]: {"message":"Guiding button is pressed."}
[2026-01-14T11:59:20.944+00:00 info] [real]: {"message":"Guiding button is released."}
[2026-01-14T12:06:44.349+00:00 info] [real]: {"message":"Guiding button is pressed."}
[2026-01-14T12:06:44.609+00:00 info] [real]: {"message":"Guiding button is released."}
[2026-01-14T12:06:44.889+00:00 info] [real]: {"message":"Guiding button is pressed."}
[2026-01-14T12:06:48.825+00:00 info] [real]: {"message":"Guiding button is released."}
[2026-01-14T13:50:54.429+00:00 info] [real]: {"message":"Guiding button is pressed."}
[2026-01-14T13:50:55.502+00:00 info] [real]: {"message":"Guiding button is released."}
[2026-01-14T14:33:32.260+00:00 info] [real]: {"message":"Guiding button is pressed."}
[2026-01-14T14:33:36.542+00:00 info] [real]: {"message":"Guiding button is released."}
[2026-01-14T14:47:34.524+00:00 info] [real]: {"message":"Guiding button is pressed."}
[2026-01-14T14:47:36.528+00:00 info] [real]: {"message":"Guiding button is released."}
[2026-01-14T14:47:36.754+00:00 info] [real]: {"message":"Guiding button is pressed."}
[2026-01-14T14:47:40.400+00:00 info] [real]: {"message":"Guiding button is released."}
[2026-01-14T14:58:47.292+00:00 info] [real]: {"message":"Robot brakes are closed."}
[2026-01-14T15:00:26.000+00:00 info] [system]: {"message": "System is going to reboot."}
[2026-01-14T15:00:58.000+00:00 info] [system]: {"message": "System is starting."}
[2026-01-14T15:01:24.081+00:00 info] [real]: {"message":"Robot hardware is detected."}
[2026-01-14T15:01:25.658+00:00 info] [real]: {"Robot Serial Number":{"article":290102,"running":2506023},"message":"Received robot serial number"}
[2026-01-14T15:01:39.309+00:00 info] [real]: {"message":"Guiding button is released."}
[2026-01-14T15:01:39.309+00:00 info] [real]: {"message":"Robot brakes are closed."}
[2026-01-14T15:01:39.000+00:00 info] [system]: {"message": "System started successfully."}
[2026-01-14T15:01:40.105+00:00 info] [real]: {"message":"The connection to the robot arm could be established."}
[2026-01-14T15:02:20.818+00:00 info] [real]: {"message":"Robot brakes are opened."}
[2026-01-14T15:02:43.947+00:00 info] [real]: {"message":"Guiding button is pressed."}
[2026-01-14T15:02:47.265+00:00 info] [real]: {"message":"Guiding button is released."}
[2026-01-15T12:43:37.000+00:00 info] [system]: {"message": "System is starting."}
[2026-01-15T12:44:01.097+00:00 info] [real]: {"message":"Robot hardware is detected."}
[2026-01-15T12:44:02.839+00:00 info] [real]: {"Robot Serial Number":{"article":290102,"running":2506023},"message":"Received robot serial number"}
[2026-01-15T12:44:16.736+00:00 info] [real]: {"message":"Guiding button is released."}
[2026-01-15T12:44:16.736+00:00 info] [real]: {"message":"Robot brakes are closed."}
[2026-01-15T12:44:16.000+00:00 info] [system]: {"message": "System started successfully."}
[2026-01-15T12:44:17.116+00:00 info] [real]: {"message":"The connection to the robot arm could be established."}
[2026-01-15T13:10:26.042+00:00 info] [real]: {"message":"Robot brakes are opened."}
[2026-01-15T13:28:34.018+00:00 info] [real]: {"message":"Guiding button is pressed."}
[2026-01-15T13:28:39.027+00:00 info] [real]: {"message":"Guiding button is released."}
[2026-01-15T13:28:39.297+00:00 info] [real]: {"message":"Guiding button is pressed."}
[2026-01-15T13:28:43.871+00:00 info] [real]: {"message":"Guiding button is released."}
[2026-01-15T13:28:44.271+00:00 info] [real]: {"message":"Guiding button is pressed."}
[2026-01-15T13:28:46.411+00:00 info] [real]: {"message":"Guiding button is released."}
[2026-01-15T13:28:46.811+00:00 info] [real]: {"message":"Guiding button is pressed."}
[2026-01-15T13:28:48.671+00:00 info] [real]: {"message":"Guiding button is released."}
[2026-01-15T13:28:49.061+00:00 info] [real]: {"message":"Guiding button is pressed."}
[2026-01-15T13:28:50.307+00:00 info] [real]: {"message":"Guiding button is released."}
[2026-01-15T13:28:50.601+00:00 info] [real]: {"message":"Guiding button is pressed."}
[2026-01-15T13:28:51.865+00:00 info] [real]: {"message":"Guiding button is released."}
[2026-01-15T13:28:52.189+00:00 info] [real]: {"message":"Guiding button is pressed."}
[2026-01-15T13:28:54.123+00:00 info] [real]: {"message":"Guiding button is released."}
[2026-01-15T13:28:54.645+00:00 info] [real]: {"message":"Guiding button is pressed."}
[2026-01-15T13:28:56.931+00:00 info] [real]: {"message":"Guiding button is released."}
[2026-01-15T13:29:17.885+00:00 info] [real]: {"message":"Guiding button is pressed."}
[2026-01-15T13:29:25.885+00:00 info] [real]: {"message":"Guiding button is released."}
[2026-01-15T13:29:58.449+00:00 info] [real]: {"message":"Guiding button is pressed."}
[2026-01-15T13:30:11.121+00:00 info] [real]: {"message":"Guiding button is released."}
[2026-01-15T13:56:07.674+00:00 info] [real]: {"message":"Guiding button is pressed."}
[2026-01-15T13:56:10.074+00:00 info] [real]: {"message":"Guiding button is released."}
[2026-01-15T13:56:10.344+00:00 info] [real]: {"message":"Guiding button is pressed."}
[2026-01-15T13:56:16.274+00:00 info] [real]: {"message":"Guiding button is released."}
[2026-01-15T13:57:04.056+00:00 info] [real]: {"message":"Guiding button is pressed."}
[2026-01-15T13:57:15.176+00:00 info] [real]: {"message":"Guiding button is released."}
[2026-01-15T14:03:24.435+00:00 info] [real]: {"message":"Guiding button is pressed."}
[2026-01-15T14:03:24.981+00:00 info] [real]: {"message":"Guiding button is released."}
[2026-01-15T14:03:25.071+00:00 info] [real]: {"message":"Guiding button is pressed."}
[2026-01-15T14:03:26.143+00:00 info] [real]: {"message":"Guiding button is released."}
[2026-01-15T14:03:26.313+00:00 info] [real]: {"message":"Guiding button is pressed."}
[2026-01-15T14:03:33.263+00:00 info] [real]: {"message":"Guiding button is released."}
[2026-01-15T14:05:26.968+00:00 info] [real]: {"message":"Guiding button is pressed."}
[2026-01-15T14:05:27.819+00:00 info] [real]: {"message":"Guiding button is released."}
[2026-01-15T14:05:27.995+00:00 info] [real]: {"message":"Guiding button is pressed."}
[2026-01-15T14:05:29.031+00:00 info] [real]: {"message":"Guiding button is released."}
[2026-01-15T14:05:29.226+00:00 info] [real]: {"message":"Guiding button is pressed."}
[2026-01-15T14:05:30.000+00:00 info] [real]: {"message":"Guiding button is released."}
[2026-01-15T14:05:30.222+00:00 info] [real]: {"message":"Guiding button is pressed."}
[2026-01-15T14:05:30.839+00:00 info] [real]: {"message":"Guiding button is released."}
[2026-01-15T14:05:31.039+00:00 info] [real]: {"message":"Guiding button is pressed."}
[2026-01-15T14:05:35.680+00:00 info] [real]: {"message":"Guiding button is released."}
[2026-01-15T14:05:36.162+00:00 info] [real]: {"message":"Guiding button is pressed."}
[2026-01-15T14:05:38.014+00:00 info] [real]: {"message":"Guiding button is released."}
[2026-01-15T14:05:38.270+00:00 info] [real]: {"message":"Guiding button is pressed."}
[2026-01-15T14:05:40.332+00:00 info] [real]: {"message":"Guiding button is released."}
[2026-01-15T14:05:40.564+00:00 info] [real]: {"message":"Guiding button is pressed."}
[2026-01-15T14:05:42.080+00:00 info] [real]: {"message":"Guiding button is released."}
[2026-01-15T14:05:42.358+00:00 info] [real]: {"message":"Guiding button is pressed."}
[2026-01-15T14:05:44.050+00:00 info] [real]: {"message":"Guiding button is released."}
[2026-01-15T14:05:45.690+00:00 info] [real]: {"message":"Guiding button is pressed."}
[2026-01-15T14:05:49.586+00:00 info] [real]: {"message":"Guiding button is released."}
[2026-01-15T14:05:51.210+00:00 info] [real]: {"message":"Guiding button is pressed."}
[2026-01-15T14:05:56.128+00:00 info] [real]: {"message":"Guiding button is released."}
[2026-01-15T14:05:56.396+00:00 info] [real]: {"message":"Guiding button is pressed."}
[2026-01-15T14:05:57.230+00:00 info] [real]: {"message":"Guiding button is released."}
[2026-01-15T14:06:02.364+00:00 info] [real]: {"message":"Guiding button is pressed."}
[2026-01-15T14:06:07.776+00:00 info] [real]: {"message":"Guiding button is released."}
[2026-01-15T14:06:07.984+00:00 info] [real]: {"message":"Guiding button is pressed."}
[2026-01-15T14:06:09.210+00:00 info] [real]: {"message":"Guiding button is released."}
[2026-01-15T14:06:09.354+00:00 info] [real]: {"message":"Guiding button is pressed."}
[2026-01-15T14:06:10.680+00:00 info] [real]: {"message":"Guiding button is released."}
[2026-01-15T14:06:10.964+00:00 info] [real]: {"message":"Guiding button is pressed."}
[2026-01-15T14:06:12.318+00:00 info] [real]: {"message":"Guiding button is released."}
[2026-01-15T14:06:12.860+00:00 info] [real]: {"message":"Guiding button is pressed."}
[2026-01-15T14:06:13.914+00:00 info] [real]: {"message":"Guiding button is released."}
[2026-01-15T14:06:14.186+00:00 info] [real]: {"message":"Guiding button is pressed."}
[2026-01-15T14:06:22.626+00:00 info] [real]: {"message":"Guiding button is released."}
[2026-01-15T14:06:55.256+00:00 info] [real]: {"message":"Guiding button is pressed."}
[2026-01-15T14:06:57.300+00:00 info] [real]: {"message":"Guiding button is released."}
[2026-01-15T14:06:57.452+00:00 info] [real]: {"message":"Guiding button is pressed."}
[2026-01-15T14:06:59.958+00:00 info] [real]: {"message":"Guiding button is released."}
[2026-01-15T14:07:00.280+00:00 info] [real]: {"message":"Guiding button is pressed."}
[2026-01-15T14:07:01.755+00:00 info] [real]: {"message":"Guiding button is released."}
[2026-01-15T14:07:41.938+00:00 info] [real]: {"message":"Guiding button is pressed."}
[2026-01-15T14:07:48.092+00:00 info] [real]: {"message":"Guiding button is released."}
[2026-01-15T14:07:57.776+00:00 info] [real]: {"message":"Guiding button is pressed."}
[2026-01-15T14:08:09.366+00:00 info] [real]: {"message":"Guiding button is released."}
[2026-01-15T14:08:09.574+00:00 info] [real]: {"message":"Guiding button is pressed."}
[2026-01-15T14:08:22.056+00:00 info] [real]: {"message":"Guiding button is released."}
[2026-01-15T14:09:08.422+00:00 info] [real]: {"message":"Guiding button is pressed."}
[2026-01-15T14:09:10.520+00:00 info] [real]: {"message":"Guiding button is released."}
[2026-01-15T14:09:10.694+00:00 info] [real]: {"message":"Guiding button is pressed."}
[2026-01-15T14:09:16.630+00:00 info] [real]: {"message":"Guiding button is released."}
[2026-01-15T14:09:23.680+00:00 info] [real]: {"message":"Guiding button is pressed."}
[2026-01-15T14:09:31.240+00:00 info] [real]: {"message":"Guiding button is released."}
[2026-01-15T14:09:31.602+00:00 info] [real]: {"message":"Guiding button is pressed."}
[2026-01-15T14:09:31.734+00:00 info] [real]: {"message":"Guiding button is released."}
[2026-01-15T14:09:39.010+00:00 info] [real]: {"message":"Guiding button is pressed."}
[2026-01-15T14:10:18.162+00:00 info] [real]: {"message":"Guiding button is released."}
[2026-01-15T14:10:38.532+00:00 info] [real]: {"message":"Guiding button is pressed."}
[2026-01-15T14:10:42.139+00:00 info] [real]: {"message":"Guiding button is released."}
[2026-01-15T14:10:49.913+00:00 info] [real]: {"message":"Guiding button is pressed."}
[2026-01-15T14:10:52.413+00:00 info] [real]: {"message":"Guiding button is released."}
[2026-01-15T14:10:56.591+00:00 info] [real]: {"message":"Guiding button is pressed."}
[2026-01-15T14:11:04.027+00:00 info] [real]: {"message":"Guiding button is released."}
[2026-01-15T14:11:10.487+00:00 info] [real]: {"message":"Guiding button is pressed."}
[2026-01-15T14:11:16.611+00:00 info] [real]: {"message":"Guiding button is released."}
[2026-01-15T14:11:31.697+00:00 info] [real]: {"message":"Guiding button is pressed."}
[2026-01-15T14:11:45.051+00:00 info] [real]: {"message":"Guiding button is released."}
[2026-01-15T14:11:45.745+00:00 info] [real]: {"message":"Guiding button is pressed."}
[2026-01-15T14:11:56.689+00:00 info] [real]: {"message":"Guiding button is released."}
[2026-01-15T14:12:00.033+00:00 info] [real]: {"message":"Guiding button is pressed."}
[2026-01-15T14:12:07.905+00:00 info] [real]: {"message":"Guiding button is released."}
[2026-01-15T14:12:08.987+00:00 info] [real]: {"message":"Guiding button is pressed."}
[2026-01-15T14:12:25.139+00:00 info] [real]: {"message":"Guiding button is released."}
[2026-01-15T14:12:25.777+00:00 info] [real]: {"message":"Guiding button is pressed."}
[2026-01-15T14:12:28.095+00:00 info] [real]: {"message":"Guiding button is released."}
[2026-01-15T14:12:29.217+00:00 info] [real]: {"message":"Guiding button is pressed."}
[2026-01-15T14:12:29.403+00:00 info] [real]: {"message":"Guiding button is released."}
[2026-01-15T14:12:44.261+00:00 info] [real]: {"message":"Guiding button is pressed."}
[2026-01-15T14:12:53.271+00:00 info] [real]: {"message":"Guiding button is released."}
[2026-01-15T14:13:02.661+00:00 info] [real]: {"message":"Guiding button is pressed."}
[2026-01-15T14:13:05.565+00:00 info] [real]: {"message":"Guiding button is released."}
[2026-01-15T14:14:53.161+00:00 info] [real]: {"message":"Guiding button is pressed."}
[2026-01-15T14:14:54.339+00:00 info] [real]: {"message":"Guiding button is released."}
[2026-01-15T14:15:07.500+00:00 info] [real]: {"message":"Robot brakes are closed."}
[2026-01-15T14:15:08.906+00:00 info] [real]: {"message":"Guiding button is pressed."}
[2026-01-15T14:15:10.053+00:00 info] [real]: {"message":"Guiding button is released."}
[2026-01-15T14:15:12.543+00:00 info] [real]: {"message":"Guiding button is pressed."}
[2026-01-15T14:15:13.039+00:00 info] [real]: {"message":"Guiding button is released."}
[2026-01-15T14:15:24.380+00:00 info] [real]: {"message":"The connection to the robot arm was terminated."}
[2026-01-15T14:15:25.381+00:00 info] [real]: {"message":"No robot hardware could be detected."}
[2026-01-15T14:15:35.391+00:00 info] [real]: {"message":"Robot hardware is detected."}
[2026-01-15T14:15:39.451+00:00 info] [real]: {"Robot Serial Number":{"article":290102,"running":2506023},"message":"Received robot serial number"}
[2026-01-15T14:15:39.000+00:00 info] [system]: {"message": "System started successfully."}
[2026-01-15T14:15:54.176+00:00 info] [real]: {"message":"The connection to the robot arm could be established."}
[2026-01-15T14:21:05.562+00:00 info] [real]: {"message":"Guiding button is pressed."}
[2026-01-15T14:21:07.207+00:00 info] [real]: {"message":"Guiding button is released."}
[2026-01-15T14:21:07.499+00:00 info] [real]: {"message":"Guiding button is pressed."}
[2026-01-15T14:21:08.483+00:00 info] [real]: {"message":"Guiding button is released."}
[2026-01-15T14:21:37.160+00:00 info] [real]: {"message":"Robot brakes are opened."}
[2026-01-15T14:21:55.383+00:00 info] [real]: {"message":"Guiding button is pressed."}
[2026-01-15T14:21:56.311+00:00 info] [real]: {"message":"Guiding button is released."}
[2026-01-15T14:21:58.345+00:00 info] [real]: {"message":"Guiding button is pressed."}
[2026-01-15T14:21:59.267+00:00 info] [real]: {"message":"Guiding button is released."}
[2026-01-15T14:22:00.043+00:00 info] [real]: {"message":"Guiding button is pressed."}
[2026-01-15T14:22:15.067+00:00 info] [real]: {"message":"Guiding button is released."}
[2026-01-15T14:22:55.507+00:00 info] [real]: {"message":"Guiding button is pressed."}
[2026-01-15T14:23:03.513+00:00 info] [real]: {"message":"Guiding button is released."}
[2026-01-15T14:35:12.006+00:00 info] [real]: {"message":"Robot brakes are closed."}
[2026-01-15T14:35:24.000+00:00 info] [system]: {"message": "System is going to power off."}
[2026-01-16T07:23:06.000+00:00 info] [system]: {"message": "System is starting."}
[2026-01-16T07:23:30.066+00:00 info] [real]: {"message":"Robot hardware is detected."}
[2026-01-16T07:23:31.683+00:00 info] [real]: {"Robot Serial Number":{"article":290102,"running":2506023},"message":"Received robot serial number"}
[2026-01-16T07:23:47.143+00:00 info] [real]: {"message":"Guiding button is released."}
[2026-01-16T07:23:47.143+00:00 info] [real]: {"message":"Robot brakes are closed."}
[2026-01-16T07:23:47.000+00:00 info] [system]: {"message": "System started successfully."}
[2026-01-16T07:23:48.091+00:00 info] [real]: {"message":"The connection to the robot arm could be established."}
[2026-01-16T07:43:07.422+00:00 info] [real]: {"message":"Robot brakes are opened."}
[2026-01-16T08:24:40.724+00:00 info] [real]: {"message":"Robot brakes are closed."}
[2026-01-16T08:25:12.000+00:00 info] [system]: {"message": "System is going to power off."}
[2026-01-16T08:29:30.000+00:00 info] [system]: {"message": "System is starting."}
[2026-01-16T08:29:54.099+00:00 info] [real]: {"message":"Robot hardware is detected."}
[2026-01-16T08:29:55.699+00:00 info] [real]: {"Robot Serial Number":{"article":290102,"running":2506023},"message":"Received robot serial number"}
[2026-01-16T08:30:08.429+00:00 info] [real]: {"message":"Guiding button is released."}
[2026-01-16T08:30:08.429+00:00 info] [real]: {"message":"Robot brakes are closed."}
[2026-01-16T08:30:08.000+00:00 info] [system]: {"message": "System started successfully."}
[2026-01-16T08:30:09.116+00:00 info] [real]: {"message":"The connection to the robot arm could be established."}
[2026-01-16T08:31:30.711+00:00 info] [real]: {"message":"Robot brakes are opened."}
[2026-01-16T08:52:55.465+00:00 info] [real]: {"message":"Robot brakes are closed."}
[2026-01-16T08:53:11.000+00:00 info] [system]: {"message": "System is going to power off."}
[2026-01-16T08:56:33.000+00:00 info] [system]: {"message": "System is starting."}
[2026-01-16T08:56:57.053+00:00 info] [real]: {"message":"Robot hardware is detected."}
[2026-01-16T08:56:58.687+00:00 info] [real]: {"Robot Serial Number":{"article":290102,"running":2506023},"message":"Received robot serial number"}
[2026-01-16T08:57:14.532+00:00 info] [real]: {"message":"Guiding button is released."}
[2026-01-16T08:57:14.532+00:00 info] [real]: {"message":"Robot brakes are closed."}
[2026-01-16T08:57:14.000+00:00 info] [system]: {"message": "System started successfully."}
[2026-01-16T08:57:15.075+00:00 info] [real]: {"message":"The connection to the robot arm could be established."}
[2026-01-16T08:58:09.624+00:00 info] [real]: {"message":"Robot brakes are opened."}
[2026-01-16T08:58:38.217+00:00 info] [real]: {"message":"Robot brakes are closed."}
[2026-01-16T08:58:38.218+00:00 info] [real]: {"message":"Robot brakes are opened."}
[2026-01-16T08:58:40.832+00:00 info] [real]: {"message":"Robot brakes are closed."}
[2026-01-16T08:58:57.000+00:00 info] [system]: {"message": "System is going to power off."}
[2026-01-16T10:32:12.000+00:00 info] [system]: {"message": "System is starting."}
[2026-01-16T10:32:36.077+00:00 info] [real]: {"message":"Robot hardware is detected."}
[2026-01-16T10:32:37.696+00:00 info] [real]: {"Robot Serial Number":{"article":290102,"running":2506023},"message":"Received robot serial number"}
[2026-01-16T10:32:51.627+00:00 info] [real]: {"message":"Guiding button is released."}
[2026-01-16T10:32:51.627+00:00 info] [real]: {"message":"Robot brakes are closed."}
[2026-01-16T10:32:51.000+00:00 info] [system]: {"message": "System started successfully."}
[2026-01-16T10:32:52.099+00:00 info] [real]: {"message":"The connection to the robot arm could be established."}
[2026-01-16T10:42:05.132+00:00 info] [real]: {"message":"Robot brakes are opened."}
[2026-01-16T10:43:23.730+00:00 info] [real]: {"message":"Guiding button is pressed."}
[2026-01-16T10:43:24.806+00:00 info] [real]: {"message":"Guiding button is released."}
[2026-01-16T10:43:24.990+00:00 info] [real]: {"message":"Guiding button is pressed."}
[2026-01-16T10:43:25.846+00:00 info] [real]: {"message":"Guiding button is released."}
[2026-01-16T10:43:26.286+00:00 info] [real]: {"message":"Guiding button is pressed."}
[2026-01-16T10:43:27.930+00:00 info] [real]: {"message":"Guiding button is released."}
[2026-01-16T10:43:28.090+00:00 info] [real]: {"message":"Guiding button is pressed."}
[2026-01-16T10:43:29.568+00:00 info] [real]: {"message":"Guiding button is released."}
[2026-01-16T10:43:41.626+00:00 info] [real]: {"message":"Guiding button is pressed."}
[2026-01-16T10:43:43.200+00:00 info] [real]: {"message":"Guiding button is released."}
[2026-01-16T10:43:43.418+00:00 info] [real]: {"message":"Guiding button is pressed."}
[2026-01-16T10:43:44.668+00:00 info] [real]: {"message":"Guiding button is released."}
[2026-01-16T10:43:46.722+00:00 info] [real]: {"message":"Guiding button is pressed."}
[2026-01-16T10:43:50.204+00:00 info] [real]: {"message":"Guiding button is released."}
[2026-01-16T10:43:52.180+00:00 info] [real]: {"message":"Guiding button is pressed."}
[2026-01-16T10:43:53.666+00:00 info] [real]: {"message":"Guiding button is released."}
[2026-01-16T11:42:45.770+00:00 info] [real]: {"message":"Robot brakes are closed."}
[2026-01-16T11:42:45.771+00:00 info] [real]: {"message":"Robot brakes are opened."}
[2026-01-16T12:13:27.170+00:00 info] [real]: {"message":"Robot brakes are closed."}
[2026-01-16T12:13:27.171+00:00 info] [real]: {"message":"Robot brakes are opened."}
[2026-01-16T12:49:42.793+00:00 info] [real]: {"message":"Guiding button is pressed."}
[2026-01-16T12:49:56.537+00:00 info] [real]: {"message":"Guiding button is released."}
[2026-01-16T12:50:25.753+00:00 info] [real]: {"message":"Guiding button is pressed."}
[2026-01-16T12:50:33.387+00:00 info] [real]: {"message":"Guiding button is released."}
[2026-01-16T14:06:29.884+00:00 info] [real]: {"message":"Guiding button is pressed."}
[2026-01-16T14:06:31.406+00:00 info] [real]: {"message":"Guiding button is released."}
[2026-01-16T14:06:31.840+00:00 info] [real]: {"message":"Guiding button is pressed."}
[2026-01-16T14:06:49.872+00:00 info] [real]: {"message":"Guiding button is released."}
[2026-01-16T14:22:24.000+00:00 info] [system]: {"message": "System is starting."}
[2026-01-16T14:22:48.176+00:00 info] [real]: {"message":"Robot hardware is detected."}
[2026-01-16T14:22:49.735+00:00 info] [real]: {"Robot Serial Number":{"article":290102,"running":2506023},"message":"Received robot serial number"}
[2026-01-16T14:23:04.144+00:00 info] [real]: {"message":"Guiding button is released."}
[2026-01-16T14:23:04.144+00:00 info] [real]: {"message":"Robot brakes are closed."}
[2026-01-16T14:23:04.000+00:00 info] [system]: {"message": "System started successfully."}
[2026-01-16T14:23:05.196+00:00 info] [real]: {"message":"The connection to the robot arm could be established."}
[2026-01-16T14:24:11.323+00:00 info] [real]: {"message":"Robot brakes are opened."}
[2026-01-16T14:24:29.234+00:00 info] [real]: {"message":"Guiding button is pressed."}
[2026-01-16T14:24:33.789+00:00 info] [real]: {"message":"Guiding button is released."}
[2026-01-16T14:36:13.971+00:00 info] [real]: {"message":"Robot brakes are closed."}
[2026-01-16T14:36:13.972+00:00 info] [real]: {"message":"Robot brakes are opened."}
[2026-01-16T14:57:30.175+00:00 info] [real]: {"message":"Guiding button is pressed."}
[2026-01-16T14:57:34.193+00:00 info] [real]: {"message":"Guiding button is released."}
[2026-01-16T14:57:34.523+00:00 info] [real]: {"message":"Guiding button is pressed."}
[2026-01-16T14:57:39.879+00:00 info] [real]: {"message":"Guiding button is released."}
[2026-01-16T15:03:57.943+00:00 info] [real]: {"message":"Robot brakes are closed."}
[2026-01-16T15:03:59.000+00:00 info] [system]: {"message": "System is going to power off."}
[2026-01-19T05:27:49.000+00:00 info] [system]: {"message": "System is starting."}
[2026-01-19T05:28:13.073+00:00 info] [real]: {"message":"Robot hardware is detected."}
[2026-01-19T05:28:14.659+00:00 info] [real]: {"Robot Serial Number":{"article":290102,"running":2506023},"message":"Received robot serial number"}
[2026-01-19T05:28:28.664+00:00 info] [real]: {"message":"Guiding button is released."}
[2026-01-19T05:28:28.664+00:00 info] [real]: {"message":"Robot brakes are closed."}
[2026-01-19T05:28:28.000+00:00 info] [system]: {"message": "System started successfully."}
[2026-01-19T05:28:29.089+00:00 info] [real]: {"message":"The connection to the robot arm could be established."}
[2026-01-19T05:29:36.091+00:00 info] [real]: {"message":"Robot brakes are opened."}
[2026-01-19T05:45:19.419+00:00 info] [real]: {"message":"Robot brakes are closed."}
[2026-01-19T05:45:41.659+00:00 info] [real]: {"message":"Robot brakes are opened."}
[2026-01-19T05:46:37.093+00:00 info] [real]: {"message":"Guiding button is pressed."}
[2026-01-19T05:46:43.609+00:00 info] [real]: {"message":"Guiding button is released."}
[2026-01-19T05:47:00.527+00:00 info] [real]: {"message":"Guiding button is pressed."}
[2026-01-19T05:47:03.653+00:00 info] [real]: {"message":"Guiding button is released."}
[2026-01-19T05:49:51.286+00:00 info] [real]: {"message":"Robot brakes are closed."}
[2026-01-19T05:50:29.907+00:00 info] [real]: {"message":"Robot brakes are opened."}
[2026-01-19T05:59:09.802+00:00 info] [real]: {"message":"Robot brakes are closed."}
[2026-01-19T05:59:47.400+00:00 info] [real]: {"message":"Robot brakes are opened."}
[2026-01-19T06:02:36.466+00:00 info] [real]: {"message":"Guiding button is pressed."}
[2026-01-19T06:02:38.692+00:00 info] [real]: {"message":"Guiding button is released."}
[2026-01-19T06:06:27.191+00:00 info] [real]: {"message":"Guiding button is pressed."}
[2026-01-19T06:06:31.385+00:00 info] [real]: {"message":"Guiding button is released."}
[2026-01-19T06:06:31.558+00:00 info] [real]: {"message":"Guiding button is pressed."}
[2026-01-19T06:06:32.292+00:00 info] [real]: {"message":"Guiding button is released."}
[2026-01-19T06:58:55.690+00:00 info] [real]: {"message":"Robot brakes are closed."}
[2026-01-19T06:58:55.691+00:00 info] [real]: {"message":"Robot brakes are opened."}
[2026-01-19T07:31:21.091+00:00 info] [real]: {"message":"Robot brakes are closed."}
[2026-01-19T07:31:31.000+00:00 info] [system]: {"message": "System is going to power off."}
[2026-01-19T08:36:29.000+00:00 info] [system]: {"message": "System is starting."}
[2026-01-19T08:36:53.085+00:00 info] [real]: {"message":"Robot hardware is detected."}
[2026-01-19T08:36:54.675+00:00 info] [real]: {"Robot Serial Number":{"article":290102,"running":2506023},"message":"Received robot serial number"}
[2026-01-19T08:37:08.592+00:00 info] [real]: {"message":"Guiding button is released."}
[2026-01-19T08:37:08.592+00:00 info] [real]: {"message":"Robot brakes are closed."}
[2026-01-19T08:37:08.000+00:00 info] [system]: {"message": "System started successfully."}
[2026-01-19T08:37:09.104+00:00 info] [real]: {"message":"The connection to the robot arm could be established."}
[2026-01-19T08:37:49.979+00:00 info] [real]: {"message":"Guiding button is pressed."}
[2026-01-19T08:37:50.302+00:00 info] [real]: {"message":"Guiding button is released."}
[2026-01-19T08:38:20.418+00:00 info] [real]: {"message":"Robot brakes are opened."}
[2026-01-19T08:45:19.749+00:00 info] [real]: {"message":"Guiding button is pressed."}
[2026-01-19T08:45:21.664+00:00 info] [real]: {"message":"Guiding button is released."}
[2026-01-19T08:45:22.017+00:00 info] [real]: {"message":"Guiding button is pressed."}
[2026-01-19T08:45:26.567+00:00 info] [real]: {"message":"Guiding button is released."}
[2026-01-19T08:45:29.421+00:00 info] [real]: {"message":"Guiding button is pressed."}
[2026-01-19T08:45:31.427+00:00 info] [real]: {"message":"Guiding button is released."}
[2026-01-19T08:45:31.670+00:00 info] [real]: {"message":"Guiding button is pressed."}
[2026-01-19T08:45:32.763+00:00 info] [real]: {"message":"Guiding button is released."}
[2026-01-19T08:45:33.011+00:00 info] [real]: {"message":"Guiding button is pressed."}
[2026-01-19T08:45:36.477+00:00 info] [real]: {"message":"Guiding button is released."}
[2026-01-19T08:45:36.971+00:00 info] [real]: {"message":"Guiding button is pressed."}
[2026-01-19T08:45:38.247+00:00 info] [real]: {"message":"Guiding button is released."}
[2026-01-19T08:45:38.754+00:00 info] [real]: {"message":"Guiding button is pressed."}
[2026-01-19T08:45:41.443+00:00 info] [real]: {"message":"Guiding button is released."}
[2026-01-19T08:45:47.809+00:00 info] [real]: {"message":"Guiding button is pressed."}
[2026-01-19T08:45:47.883+00:00 info] [real]: {"message":"Guiding button is released."}
[2026-01-19T08:45:48.147+00:00 info] [real]: {"message":"Guiding button is pressed."}
[2026-01-19T08:45:54.191+00:00 info] [real]: {"message":"Guiding button is released."}
[2026-01-19T08:46:52.565+00:00 info] [real]: {"message":"Guiding button is pressed."}
[2026-01-19T08:46:53.981+00:00 info] [real]: {"message":"Guiding button is released."}
[2026-01-19T08:46:54.387+00:00 info] [real]: {"message":"Guiding button is pressed."}
[2026-01-19T08:46:55.505+00:00 info] [real]: {"message":"Guiding button is released."}
[2026-01-19T08:47:04.539+00:00 info] [real]: {"message":"Guiding button is pressed."}
[2026-01-19T08:47:05.270+00:00 info] [real]: {"message":"Guiding button is released."}
[2026-01-19T10:01:49.322+00:00 info] [real]: {"message":"Guiding button is pressed."}
[2026-01-19T10:01:55.360+00:00 info] [real]: {"message":"Guiding button is released."}
[2026-01-19T14:07:37.443+00:00 info] [real]: {"message":"Guiding button is pressed."}
[2026-01-19T14:07:39.119+00:00 info] [real]: {"message":"Guiding button is released."}
[2026-01-19T14:07:39.865+00:00 info] [real]: {"message":"Guiding button is pressed."}
[2026-01-19T14:07:43.451+00:00 info] [real]: {"message":"Guiding button is released."}
[2026-01-19T14:15:11.385+00:00 info] [real]: {"message":"Guiding button is pressed."}
[2026-01-19T14:15:25.721+00:00 info] [real]: {"message":"Guiding button is released."}
[2026-01-19T14:15:26.435+00:00 info] [real]: {"message":"Guiding button is pressed."}
[2026-01-19T14:15:27.155+00:00 info] [real]: {"message":"Guiding button is released."}
[2026-01-19T14:15:27.527+00:00 info] [real]: {"message":"Guiding button is pressed."}
[2026-01-19T14:15:28.089+00:00 info] [real]: {"message":"Guiding button is released."}
[2026-01-19T15:54:47.336+00:00 info] [real]: {"message":"Guiding button is pressed."}
[2026-01-19T15:54:49.759+00:00 info] [real]: {"message":"Guiding button is released."}
[2026-01-19T15:54:49.899+00:00 info] [real]: {"message":"Guiding button is pressed."}
[2026-01-19T15:54:52.263+00:00 info] [real]: {"message":"Guiding button is released."}
[2026-01-19T15:54:55.997+00:00 info] [real]: {"message":"Guiding button is pressed."}
[2026-01-19T15:55:00.169+00:00 info] [real]: {"message":"Guiding button is released."}
[2026-01-19T16:22:11.944+00:00 info] [real]: {"message":"Guiding button is pressed."}
[2026-01-19T16:22:15.636+00:00 info] [real]: {"message":"Guiding button is released."}
[2026-01-19T16:41:37.910+00:00 info] [real]: {"message":"Guiding button is pressed."}
[2026-01-19T16:41:39.498+00:00 info] [real]: {"message":"Guiding button is released."}
[2026-01-19T16:41:39.714+00:00 info] [real]: {"message":"Guiding button is pressed."}
[2026-01-19T16:41:40.684+00:00 info] [real]: {"message":"Guiding button is released."}
[2026-01-19T16:41:40.898+00:00 info] [real]: {"message":"Guiding button is pressed."}
[2026-01-19T16:41:41.566+00:00 info] [real]: {"message":"Guiding button is released."}
[2026-01-19T16:41:45.334+00:00 info] [real]: {"message":"Guiding button is pressed."}
[2026-01-19T16:41:48.196+00:00 info] [real]: {"message":"Guiding button is released."}
[2026-01-19T16:49:50.140+00:00 info] [real]: {"message":"Guiding button is pressed."}
[2026-01-19T16:49:53.094+00:00 info] [real]: {"message":"Guiding button is released."}
[2026-01-19T16:55:40.419+00:00 info] [real]: {"message":"Guiding button is pressed."}
[2026-01-19T16:55:50.957+00:00 info] [real]: {"message":"Guiding button is released."}
[2026-01-19T16:56:13.088+00:00 info] [real]: {"message":"Robot brakes are closed."}
[2026-01-19T16:56:26.000+00:00 info] [system]: {"message": "System is going to power off."}
[2026-01-20T10:26:59.000+00:00 info] [system]: {"message": "System is starting."}
[2026-01-20T10:27:23.082+00:00 info] [real]: {"message":"Robot hardware is detected."}
[2026-01-20T10:27:24.697+00:00 info] [real]: {"Robot Serial Number":{"article":290102,"running":2506023},"message":"Received robot serial number"}
[2026-01-20T10:27:38.679+00:00 info] [real]: {"message":"Guiding button is released."}
[2026-01-20T10:27:38.679+00:00 info] [real]: {"message":"Robot brakes are closed."}
[2026-01-20T10:27:38.000+00:00 info] [system]: {"message": "System started successfully."}
[2026-01-20T10:27:39.100+00:00 info] [real]: {"message":"The connection to the robot arm could be established."}
[2026-01-20T10:36:54.028+00:00 info] [real]: {"message":"Robot brakes are opened."}
[2026-01-20T11:11:49.289+00:00 info] [real]: {"message":"Guiding button is pressed."}
[2026-01-20T11:11:55.383+00:00 info] [real]: {"message":"Guiding button is released."}
[2026-01-20T11:16:32.773+00:00 info] [real]: {"message":"Guiding button is pressed."}
[2026-01-20T11:16:35.668+00:00 info] [real]: {"message":"Guiding button is released."}
[2026-01-20T11:16:35.846+00:00 info] [real]: {"message":"Guiding button is pressed."}
[2026-01-20T11:16:36.600+00:00 info] [real]: {"message":"Guiding button is released."}
[2026-01-20T11:16:36.810+00:00 info] [real]: {"message":"Guiding button is pressed."}
[2026-01-20T11:16:41.410+00:00 info] [real]: {"message":"Guiding button is released."}
[2026-01-20T11:17:42.207+00:00 info] [real]: {"message":"Guiding button is pressed."}
[2026-01-20T11:17:45.321+00:00 info] [real]: {"message":"Guiding button is released."}
[2026-01-20T11:22:19.321+00:00 info] [real]: {"message":"Guiding button is pressed."}
[2026-01-20T11:22:20.915+00:00 info] [real]: {"message":"Guiding button is released."}
[2026-01-20T11:27:10.332+00:00 info] [real]: {"message":"Guiding button is pressed."}
[2026-01-20T11:27:13.500+00:00 info] [real]: {"message":"Guiding button is released."}
[2026-01-20T15:29:17.870+00:00 info] [real]: {"message":"Robot brakes are closed."}
[2026-01-20T15:29:17.871+00:00 info] [real]: {"message":"Robot brakes are opened."}
[2026-01-20T15:29:26.583+00:00 info] [real]: {"message":"Robot brakes are closed."}
[2026-01-20T15:29:28.000+00:00 info] [system]: {"message": "System is going to power off."}
[2026-01-20T17:37:29.000+00:00 info] [system]: {"message": "System is starting."}
[2026-01-20T17:37:53.083+00:00 info] [real]: {"message":"Robot hardware is detected."}
[2026-01-20T17:37:54.695+00:00 info] [real]: {"Robot Serial Number":{"article":290102,"running":2506023},"message":"Received robot serial number"}
[2026-01-20T17:38:10.566+00:00 info] [real]: {"message":"Guiding button is released."}
[2026-01-20T17:38:10.566+00:00 info] [real]: {"message":"Robot brakes are closed."}
[2026-01-20T17:38:10.000+00:00 info] [system]: {"message": "System started successfully."}
[2026-01-20T17:38:11.105+00:00 info] [real]: {"message":"The connection to the robot arm could be established."}
[2026-01-20T17:54:04.919+00:00 info] [real]: {"message":"Robot brakes are opened."}
[2026-01-20T17:57:32.751+00:00 info] [real]: {"message":"Robot brakes are closed."}
[2026-01-20T17:57:34.000+00:00 info] [system]: {"message": "System is going to power off."}
[2026-01-20T17:58:20.000+00:00 info] [system]: {"message": "System is starting."}
[2026-01-20T17:58:44.103+00:00 info] [real]: {"message":"Robot hardware is detected."}
[2026-01-20T17:58:45.703+00:00 info] [real]: {"Robot Serial Number":{"article":290102,"running":2506023},"message":"Received robot serial number"}
[2026-01-20T17:58:59.591+00:00 info] [real]: {"message":"Guiding button is released."}
[2026-01-20T17:58:59.591+00:00 info] [real]: {"message":"Robot brakes are closed."}
[2026-01-20T17:58:59.000+00:00 info] [system]: {"message": "System started successfully."}
[2026-01-20T17:59:00.120+00:00 info] [real]: {"message":"The connection to the robot arm could be established."}
[2026-01-20T17:59:20.023+00:00 info] [real]: {"message":"Robot brakes are opened."}
[2026-01-20T18:13:58.784+00:00 info] [real]: {"message":"Guiding button is pressed."}
[2026-01-20T18:14:00.454+00:00 info] [real]: {"message":"Guiding button is released."}
[2026-01-20T18:14:00.922+00:00 info] [real]: {"message":"Guiding button is pressed."}
[2026-01-20T18:14:03.594+00:00 info] [real]: {"message":"Guiding button is released."}
[2026-01-20T18:17:29.046+00:00 info] [real]: {"message":"Robot brakes are closed."}
[2026-01-20T18:17:29.048+00:00 info] [real]: {"message":"Robot brakes are opened."}
[2026-01-20T18:21:44.225+00:00 info] [real]: {"message":"Robot brakes are closed."}
[2026-01-20T18:21:46.000+00:00 info] [system]: {"message": "System is going to power off."}
[2026-01-21T12:03:14.000+00:00 info] [system]: {"message": "System is starting."}
[2026-01-21T12:03:38.053+00:00 info] [real]: {"message":"Robot hardware is detected."}
[2026-01-21T12:03:39.715+00:00 info] [real]: {"Robot Serial Number":{"article":290102,"running":2506023},"message":"Received robot serial number"}
[2026-01-21T12:03:55.684+00:00 info] [real]: {"message":"Guiding button is released."}
[2026-01-21T12:03:55.684+00:00 info] [real]: {"message":"Robot brakes are closed."}
[2026-01-21T12:03:55.000+00:00 info] [system]: {"message": "System started successfully."}
[2026-01-21T12:03:56.074+00:00 info] [real]: {"message":"The connection to the robot arm could be established."}
[2026-01-21T12:09:34.661+00:00 info] [real]: {"message":"Robot brakes are opened."}
[2026-01-21T12:10:15.636+00:00 info] [real]: {"message":"Guiding button is pressed."}
[2026-01-21T12:10:20.250+00:00 info] [real]: {"message":"Guiding button is released."}
[2026-01-21T12:10:20.812+00:00 info] [real]: {"message":"Guiding button is pressed."}
[2026-01-21T12:10:22.934+00:00 info] [real]: {"message":"Guiding button is released."}
[2026-01-21T12:10:23.048+00:00 info] [real]: {"message":"Guiding button is pressed."}
[2026-01-21T12:10:23.650+00:00 info] [real]: {"message":"Guiding button is released."}
[2026-01-21T12:10:40.169+00:00 info] [real]: {"message":"Robot brakes are closed."}
[2026-01-21T12:48:17.138+00:00 info] [real]: {"message":"Guiding button is pressed."}
[2026-01-21T12:48:17.766+00:00 info] [real]: {"message":"Guiding button is released."}
[2026-01-21T12:48:17.980+00:00 info] [real]: {"message":"Guiding button is pressed."}
[2026-01-21T12:48:18.711+00:00 info] [real]: {"message":"Guiding button is released."}
[2026-01-21T12:48:28.561+00:00 info] [real]: {"message":"Robot brakes are opened."}
[2026-01-21T12:48:40.598+00:00 info] [real]: {"message":"Guiding button is pressed."}
[2026-01-21T12:48:42.288+00:00 info] [real]: {"message":"Guiding button is released."}
[2026-01-21T12:49:14.042+00:00 info] [real]: {"message":"Guiding button is pressed."}
[2026-01-21T12:49:15.108+00:00 info] [real]: {"message":"Guiding button is released."}
[2026-01-21T12:49:15.888+00:00 info] [real]: {"message":"Guiding button is pressed."}
[2026-01-21T12:49:20.647+00:00 info] [real]: {"message":"Guiding button is released."}
[2026-01-21T12:49:34.114+00:00 info] [real]: {"message":"Guiding button is pressed."}
[2026-01-21T12:49:37.522+00:00 info] [real]: {"message":"Guiding button is released."}
[2026-01-21T12:49:42.052+00:00 info] [real]: {"message":"Guiding button is pressed."}
[2026-01-21T12:49:44.346+00:00 info] [real]: {"message":"Guiding button is released."}
[2026-01-21T12:49:44.444+00:00 info] [real]: {"message":"Guiding button is pressed."}
[2026-01-21T12:49:45.068+00:00 info] [real]: {"message":"Guiding button is released."}
[2026-01-21T12:49:45.319+00:00 info] [real]: {"message":"Guiding button is pressed."}
[2026-01-21T12:49:45.990+00:00 info] [real]: {"message":"Guiding button is released."}
[2026-01-21T12:49:46.336+00:00 info] [real]: {"message":"Guiding button is pressed."}
[2026-01-21T12:49:46.460+00:00 info] [real]: {"message":"Guiding button is released."}
[2026-01-21T13:37:24.247+00:00 info] [real]: {"message":"Robot brakes are closed."}
[2026-01-21T13:37:38.000+00:00 info] [system]: {"message": "System is going to power off."}
[2026-01-21T14:18:54.000+00:00 info] [system]: {"message": "System is starting."}
[2026-01-21T14:19:18.073+00:00 info] [real]: {"message":"Robot hardware is detected."}
[2026-01-21T14:19:19.647+00:00 info] [real]: {"Robot Serial Number":{"article":290102,"running":2506023},"message":"Received robot serial number"}
[2026-01-21T14:19:35.264+00:00 info] [real]: {"message":"Guiding button is released."}
[2026-01-21T14:19:35.264+00:00 info] [real]: {"message":"Robot brakes are closed."}
[2026-01-21T14:19:35.000+00:00 info] [system]: {"message": "System started successfully."}
[2026-01-21T14:19:36.093+00:00 info] [real]: {"message":"The connection to the robot arm could be established."}
[2026-01-21T14:20:17.503+00:00 info] [real]: {"message":"Robot brakes are opened."}
[2026-01-21T14:38:27.334+00:00 info] [real]: {"message":"Robot brakes are closed."}
[2026-01-21T14:38:29.000+00:00 info] [system]: {"message": "System is going to power off."}
[2026-01-22T11:01:58.000+00:00 info] [system]: {"message": "System is starting."}
[2026-01-22T11:02:22.087+00:00 info] [real]: {"message":"Robot hardware is detected."}
[2026-01-22T11:02:23.691+00:00 info] [real]: {"Robot Serial Number":{"article":290102,"running":2506023},"message":"Received robot serial number"}
[2026-01-22T11:02:37.741+00:00 info] [real]: {"message":"Guiding button is released."}
[2026-01-22T11:02:37.741+00:00 info] [real]: {"message":"Robot brakes are closed."}
[2026-01-22T11:02:37.000+00:00 info] [system]: {"message": "System started successfully."}
[2026-01-22T11:02:38.106+00:00 info] [real]: {"message":"The connection to the robot arm could be established."}
[2026-01-22T11:03:41.057+00:00 info] [real]: {"message":"Robot brakes are opened."}
[2026-01-22T11:17:18.336+00:00 info] [real]: {"message":"Robot brakes are closed."}
[2026-01-22T11:17:18.337+00:00 info] [real]: {"message":"Robot brakes are opened."}
[2026-01-22T12:34:58.896+00:00 info] [real]: {"message":"Robot brakes are closed."}
[2026-01-22T12:35:37.926+00:00 info] [real]: {"message":"Robot brakes are opened."}
                                                                                    [2026-01-22T14:15:42.000+00:00 info] [system]: {"message": "System is starting."}
[2026-01-22T14:16:05.187+00:00 info] [real]: {"message":"Robot hardware is detected."}
[2026-01-22T14:16:06.843+00:00 info] [real]: {"Robot Serial Number":{"article":290102,"running":2506023},"message":"Received robot serial number"}
[2026-01-22T14:16:20.771+00:00 info] [real]: {"message":"Guiding button is released."}
[2026-01-22T14:16:20.771+00:00 info] [real]: {"message":"Robot brakes are closed."}
[2026-01-22T14:16:20.000+00:00 info] [system]: {"message": "System started successfully."}
[2026-01-22T14:16:21.204+00:00 info] [real]: {"message":"The connection to the robot arm could be established."}
[2026-01-22T14:20:12.564+00:00 info] [real]: {"message":"Robot brakes are opened."}
[2026-01-22T18:36:14.979+00:00 info] [real]: {"message":"Robot brakes are closed."}
[2026-01-22T18:36:16.000+00:00 info] [system]: {"message": "System is going to power off."}
[2026-01-23T13:08:17.000+00:00 info] [system]: {"message": "System is starting."}
[2026-01-23T13:08:41.068+00:00 info] [real]: {"message":"Robot hardware is detected."}
[2026-01-23T13:08:42.711+00:00 info] [real]: {"Robot Serial Number":{"article":290102,"running":2506023},"message":"Received robot serial number"}
[2026-01-23T13:08:57.050+00:00 info] [real]: {"message":"Guiding button is released."}
[2026-01-23T13:08:57.050+00:00 info] [real]: {"message":"Robot brakes are closed."}
[2026-01-23T13:08:57.000+00:00 info] [system]: {"message": "System started successfully."}
[2026-01-23T13:08:58.088+00:00 info] [real]: {"message":"The connection to the robot arm could be established."}
[2026-01-23T13:10:33.041+00:00 info] [real]: {"message":"Robot brakes are opened."}
[2026-01-23T13:19:20.514+00:00 info] [real]: {"message":"Guiding button is pressed."}
[2026-01-23T13:19:23.792+00:00 info] [real]: {"message":"Guiding button is released."}
[2026-01-23T13:19:27.584+00:00 info] [real]: {"message":"Guiding button is pressed."}
[2026-01-23T13:19:33.506+00:00 info] [real]: {"message":"Guiding button is released."}
[2026-01-23T13:19:35.542+00:00 info] [real]: {"message":"Guiding button is pressed."}
[2026-01-23T13:19:36.390+00:00 info] [real]: {"message":"Guiding button is released."}
[2026-01-23T13:20:26.184+00:00 info] [real]: {"message":"Guiding button is pressed."}
[2026-01-23T13:20:34.844+00:00 info] [real]: {"message":"Guiding button is released."}
                                                                                    [2026-01-23T15:30:02.000+00:00 info] [system]: {"message": "System is starting."}
[2026-01-23T15:30:26.100+00:00 info] [real]: {"message":"Robot hardware is detected."}
[2026-01-23T15:30:27.715+00:00 info] [real]: {"Robot Serial Number":{"article":290102,"running":2506023},"message":"Received robot serial number"}
[2026-01-23T15:30:43.665+00:00 info] [real]: {"message":"Guiding button is released."}
[2026-01-23T15:30:43.665+00:00 info] [real]: {"message":"Robot brakes are closed."}
[2026-01-23T15:30:43.000+00:00 info] [system]: {"message": "System started successfully."}
[2026-01-23T15:30:44.119+00:00 info] [real]: {"message":"The connection to the robot arm could be established."}
[2026-01-23T15:34:13.175+00:00 info] [real]: {"message":"Robot brakes are opened."}
                                                                                                                                                                                                                                                                                                                                                          [2026-01-24T14:34:28.000+00:00 info] [system]: {"message": "System is starting."}
[2026-01-24T14:34:51.150+00:00 info] [real]: {"message":"Robot hardware is detected."}
[2026-01-24T14:34:52.767+00:00 info] [real]: {"Robot Serial Number":{"article":290102,"running":2506023},"message":"Received robot serial number"}
[2026-01-24T14:35:09.787+00:00 info] [real]: {"message":"Guiding button is released."}
[2026-01-24T14:35:09.787+00:00 info] [real]: {"message":"Robot brakes are closed."}
[2026-01-24T14:35:09.000+00:00 info] [system]: {"message": "System started successfully."}
[2026-01-24T14:35:10.176+00:00 info] [real]: {"message":"The connection to the robot arm could be established."}
[2026-01-24T15:38:43.391+00:00 info] [real]: {"message":"Robot brakes are opened."}
[2026-01-24T15:42:08.494+00:00 info] [real]: {"message":"Guiding button is pressed."}
[2026-01-24T15:42:20.350+00:00 info] [real]: {"message":"Guiding button is released."}
[2026-01-24T17:25:54.691+00:00 info] [real]: {"message":"Guiding button is pressed."}
[2026-01-24T17:26:01.181+00:00 info] [real]: {"message":"Guiding button is released."}
[2026-01-24T19:50:13.189+00:00 info] [real]: {"message":"Robot brakes are closed."}
[2026-01-24T19:50:15.000+00:00 info] [system]: {"message": "System is going to power off."}
[2026-01-26T09:14:41.000+00:00 info] [system]: {"message": "System is starting."}
[2026-01-26T09:15:05.059+00:00 info] [real]: {"message":"Robot hardware is detected."}
[2026-01-26T09:15:06.735+00:00 info] [real]: {"Robot Serial Number":{"article":290102,"running":2506023},"message":"Received robot serial number"}
[2026-01-26T09:15:22.426+00:00 info] [real]: {"message":"Guiding button is released."}
[2026-01-26T09:15:22.426+00:00 info] [real]: {"message":"Robot brakes are closed."}
[2026-01-26T09:15:22.000+00:00 info] [system]: {"message": "System started successfully."}
[2026-01-26T09:15:23.081+00:00 info] [real]: {"message":"The connection to the robot arm could be established."}
[2026-01-26T09:17:29.489+00:00 info] [real]: {"message":"Robot brakes are opened."}
[2026-01-26T11:50:26.718+00:00 info] [real]: {"message":"Robot brakes are closed."}
[2026-01-26T11:50:26.720+00:00 info] [real]: {"message":"Robot brakes are opened."}
[2026-01-26T12:22:03.452+00:00 info] [real]: {"message":"Robot brakes are closed."}
[2026-01-26T12:22:03.454+00:00 info] [real]: {"message":"Robot brakes are opened."}
[2026-01-26T14:02:17.334+00:00 info] [real]: {"message":"Guiding button is pressed."}
[2026-01-26T14:02:17.638+00:00 info] [real]: {"message":"Guiding button is released."}
[2026-01-26T14:02:21.716+00:00 info] [real]: {"message":"Guiding button is pressed."}
[2026-01-26T14:02:25.876+00:00 info] [real]: {"message":"Guiding button is released."}
[2026-01-26T14:02:26.318+00:00 info] [real]: {"message":"Guiding button is pressed."}
[2026-01-26T14:02:28.608+00:00 info] [real]: {"message":"Guiding button is released."}
[2026-01-26T14:02:28.948+00:00 info] [real]: {"message":"Guiding button is pressed."}
[2026-01-26T14:02:29.486+00:00 info] [real]: {"message":"Guiding button is released."}
[2026-01-26T14:02:29.706+00:00 info] [real]: {"message":"Guiding button is pressed."}
[2026-01-26T14:02:30.418+00:00 info] [real]: {"message":"Guiding button is released."}
[2026-01-26T14:02:30.596+00:00 info] [real]: {"message":"Guiding button is pressed."}
[2026-01-26T14:02:31.356+00:00 info] [real]: {"message":"Guiding button is released."}
[2026-01-26T14:02:31.734+00:00 info] [real]: {"message":"Guiding button is pressed."}
[2026-01-26T14:02:33.962+00:00 info] [real]: {"message":"Guiding button is released."}
[2026-01-26T14:02:34.186+00:00 info] [real]: {"message":"Guiding button is pressed."}
[2026-01-26T14:02:35.919+00:00 info] [real]: {"message":"Guiding button is released."}
[2026-01-26T14:02:35.919+00:00 info] [real]: {"message":"Robot brakes are closed."}
[2026-01-26T14:02:36.070+00:00 info] [real]: {"message":"Guiding button is pressed."}
[2026-01-26T14:02:36.700+00:00 info] [real]: {"message":"Guiding button is released."}
[2026-01-26T14:02:36.858+00:00 info] [real]: {"message":"Guiding button is pressed."}
[2026-01-26T14:02:37.490+00:00 info] [real]: {"message":"Guiding button is released."}
[2026-01-26T14:02:48.325+00:00 info] [real]: {"message":"The connection to the robot arm was terminated."}
[2026-01-26T14:02:50.328+00:00 info] [real]: {"message":"No robot hardware could be detected."}
[2026-01-26T14:03:03.447+00:00 info] [real]: {"message":"Robot hardware is detected."}
[2026-01-26T14:03:03.487+00:00 info] [real]: {"Robot Serial Number":{"article":290102,"running":2506023},"message":"Received robot serial number"}
[2026-01-26T14:03:03.000+00:00 info] [system]: {"message": "System started successfully."}
[2026-01-26T14:03:19.466+00:00 info] [real]: {"message":"The connection to the robot arm could be established."}
[2026-01-26T14:03:46.193+00:00 info] [real]: {"message":"Robot brakes are opened."}
[2026-01-26T14:03:53.345+00:00 info] [real]: {"message":"Guiding button is pressed."}
[2026-01-26T14:03:54.253+00:00 info] [real]: {"message":"Guiding button is released."}
[2026-01-26T14:03:54.601+00:00 info] [real]: {"message":"Guiding button is pressed."}
[2026-01-26T14:04:00.608+00:00 info] [real]: {"message":"Guiding button is released."}
[2026-01-26T14:04:14.646+00:00 info] [real]: {"message":"Robot brakes are closed."}
[2026-01-26T14:04:16.000+00:00 info] [system]: {"message": "System is going to power off."}
[2026-01-27T07:58:39.000+00:00 info] [system]: {"message": "System is starting."}
[2026-01-27T07:59:03.064+00:00 info] [real]: {"message":"Robot hardware is detected."}
[2026-01-27T07:59:04.683+00:00 info] [real]: {"Robot Serial Number":{"article":290102,"running":2506023},"message":"Received robot serial number"}
[2026-01-27T07:59:19.699+00:00 info] [real]: {"message":"Guiding button is released."}
[2026-01-27T07:59:19.699+00:00 info] [real]: {"message":"Robot brakes are closed."}
[2026-01-27T07:59:19.000+00:00 info] [system]: {"message": "System started successfully."}
[2026-01-27T07:59:20.081+00:00 info] [real]: {"message":"The connection to the robot arm could be established."}
[2026-01-27T08:23:21.760+00:00 info] [real]: {"message":"Robot brakes are opened."}
[2026-01-27T10:29:59.713+00:00 info] [real]: {"message":"Guiding button is pressed."}
[2026-01-27T10:30:05.852+00:00 info] [real]: {"message":"Guiding button is released."}
[2026-01-27T11:05:42.220+00:00 info] [real]: {"message":"Robot brakes are closed."}
[2026-01-27T11:05:42.221+00:00 info] [real]: {"message":"Robot brakes are opened."}
[2026-01-27T11:59:39.668+00:00 info] [real]: {"message":"Robot brakes are closed."}
[2026-01-27T11:59:39.669+00:00 info] [real]: {"message":"Robot brakes are opened."}
[2026-01-27T13:15:38.566+00:00 info] [real]: {"message":"Guiding button is pressed."}
[2026-01-27T13:15:49.280+00:00 info] [real]: {"message":"Guiding button is released."}
[2026-01-27T13:24:14.398+00:00 info] [real]: {"message":"Guiding button is pressed."}
[2026-01-27T13:24:18.674+00:00 info] [real]: {"message":"Guiding button is released."}
[2026-01-27T13:27:57.173+00:00 info] [real]: {"message":"Robot brakes are closed."}
[2026-01-27T13:28:29.545+00:00 info] [real]: {"message":"Robot brakes are opened."}
[2026-01-27T13:28:50.323+00:00 info] [real]: {"message":"Guiding button is pressed."}
[2026-01-27T13:28:55.863+00:00 info] [real]: {"message":"Guiding button is released."}
[2026-01-27T13:28:57.499+00:00 info] [real]: {"message":"Guiding button is pressed."}
[2026-01-27T13:29:01.077+00:00 info] [real]: {"message":"Guiding button is released."}
[2026-01-27T13:29:01.496+00:00 info] [real]: {"message":"Guiding button is pressed."}
[2026-01-27T13:29:02.211+00:00 info] [real]: {"message":"Guiding button is released."}
[2026-01-27T13:29:02.689+00:00 info] [real]: {"message":"Guiding button is pressed."}
[2026-01-27T13:29:03.363+00:00 info] [real]: {"message":"Guiding button is released."}
[2026-01-27T13:29:03.943+00:00 info] [real]: {"message":"Guiding button is pressed."}
[2026-01-27T13:29:10.685+00:00 info] [real]: {"message":"Guiding button is released."}
[2026-01-27T13:29:11.075+00:00 info] [real]: {"message":"Guiding button is pressed."}
[2026-01-27T13:29:12.083+00:00 info] [real]: {"message":"Guiding button is released."}
[2026-01-27T13:32:16.384+00:00 info] [real]: {"message":"Robot brakes are closed."}
[2026-01-27T13:32:16.385+00:00 info] [real]: {"message":"Robot brakes are opened."}
[2026-01-27T14:58:37.479+00:00 info] [real]: {"message":"Guiding button is pressed."}
[2026-01-27T14:58:53.342+00:00 info] [real]: {"message":"Guiding button is released."}
[2026-01-27T14:59:42.074+00:00 info] [real]: {"message":"Robot brakes are closed."}
[2026-01-27T14:59:44.000+00:00 info] [system]: {"message": "System is going to power off."}
[2026-01-27T15:32:20.000+00:00 info] [system]: {"message": "System is starting."}
[2026-01-27T15:32:44.085+00:00 info] [real]: {"message":"Robot hardware is detected."}
[2026-01-27T15:32:45.646+00:00 info] [real]: {"Robot Serial Number":{"article":290102,"running":2506023},"message":"Received robot serial number"}
[2026-01-27T15:33:00.915+00:00 info] [real]: {"message":"Guiding button is released."}
[2026-01-27T15:33:00.915+00:00 info] [real]: {"message":"Robot brakes are closed."}
[2026-01-27T15:33:00.000+00:00 info] [system]: {"message": "System started successfully."}
[2026-01-27T15:33:02.108+00:00 info] [real]: {"message":"The connection to the robot arm could be established."}
[2026-01-27T15:35:03.403+00:00 info] [real]: {"message":"Robot brakes are opened."}
[2026-01-27T15:37:29.142+00:00 info] [real]: {"message":"Robot brakes are closed."}
[2026-01-27T15:37:43.000+00:00 info] [system]: {"message": "System is going to power off."}
[2026-01-27T15:58:30.000+00:00 info] [system]: {"message": "System is starting."}
[2026-01-27T15:58:54.089+00:00 info] [real]: {"message":"Robot hardware is detected."}
[2026-01-27T15:58:55.663+00:00 info] [real]: {"Robot Serial Number":{"article":290102,"running":2506023},"message":"Received robot serial number"}
[2026-01-27T15:59:10.053+00:00 info] [real]: {"message":"Guiding button is released."}
[2026-01-27T15:59:10.053+00:00 info] [real]: {"message":"Robot brakes are closed."}
[2026-01-27T15:59:10.000+00:00 info] [system]: {"message": "System started successfully."}
[2026-01-27T15:59:11.111+00:00 info] [real]: {"message":"The connection to the robot arm could be established."}
[2026-01-27T16:01:52.000+00:00 info] [system]: {"message": "System is going to power off."}
[2026-01-28T11:17:28.000+00:00 info] [system]: {"message": "System is starting."}
[2026-01-28T11:17:52.077+00:00 info] [real]: {"message":"Robot hardware is detected."}
[2026-01-28T11:17:53.663+00:00 info] [real]: {"Robot Serial Number":{"article":290102,"running":2506023},"message":"Received robot serial number"}
[2026-01-28T11:18:09.817+00:00 info] [real]: {"message":"Guiding button is released."}
[2026-01-28T11:18:09.817+00:00 info] [real]: {"message":"Robot brakes are closed."}
[2026-01-28T11:18:09.000+00:00 info] [system]: {"message": "System started successfully."}
[2026-01-28T11:18:11.100+00:00 info] [real]: {"message":"The connection to the robot arm could be established."}
[2026-01-28T11:19:27.188+00:00 info] [real]: {"message":"Robot brakes are opened."}
[2026-01-28T12:00:03.471+00:00 info] [real]: {"message":"Robot brakes are closed."}
[2026-01-28T12:00:03.472+00:00 info] [real]: {"message":"Robot brakes are opened."}
[2026-01-28T12:06:08.830+00:00 info] [real]: {"message":"Guiding button is pressed."}
[2026-01-28T12:06:11.716+00:00 info] [real]: {"message":"Guiding button is released."}
[2026-01-28T12:06:33.090+00:00 info] [real]: {"message":"Robot brakes are closed."}
[2026-01-28T12:06:45.437+00:00 info] [real]: {"message":"The connection to the robot arm was terminated."}
[2026-01-28T12:06:47.439+00:00 info] [real]: {"message":"No robot hardware could be detected."}
[2026-01-28T12:07:00.339+00:00 info] [real]: {"message":"Robot hardware is detected."}
[2026-01-28T12:07:00.371+00:00 info] [real]: {"Robot Serial Number":{"article":290102,"running":2506023},"message":"Received robot serial number"}
[2026-01-28T12:07:00.000+00:00 info] [system]: {"message": "System started successfully."}
[2026-01-28T12:07:16.359+00:00 info] [real]: {"message":"The connection to the robot arm could be established."}
[2026-01-28T12:07:38.302+00:00 info] [real]: {"message":"Robot brakes are opened."}
[2026-01-28T12:11:39.228+00:00 info] [real]: {"message":"Robot brakes are closed."}
[2026-01-28T12:11:41.000+00:00 info] [system]: {"message": "System is going to reboot."}
[2026-01-28T12:12:12.000+00:00 info] [system]: {"message": "System is starting."}
[2026-01-28T12:12:38.063+00:00 info] [real]: {"message":"Robot hardware is detected."}
[2026-01-28T12:12:39.730+00:00 info] [real]: {"Robot Serial Number":{"article":290102,"running":2506023},"message":"Received robot serial number"}
[2026-01-28T12:12:53.589+00:00 info] [real]: {"message":"Guiding button is released."}
[2026-01-28T12:12:53.589+00:00 info] [real]: {"message":"Robot brakes are closed."}
[2026-01-28T12:12:53.000+00:00 info] [system]: {"message": "System started successfully."}
[2026-01-28T12:12:54.083+00:00 info] [real]: {"message":"The connection to the robot arm could be established."}
[2026-01-28T12:13:19.108+00:00 info] [real]: {"message":"Robot brakes are opened."}
[2026-01-28T12:14:13.666+00:00 info] [real]: {"message":"Guiding button is pressed."}
[2026-01-28T12:14:15.024+00:00 info] [real]: {"message":"Guiding button is released."}
[2026-01-28T12:14:15.374+00:00 info] [real]: {"message":"Guiding button is pressed."}
[2026-01-28T12:14:16.952+00:00 info] [real]: {"message":"Guiding button is released."}
[2026-01-28T12:47:30.454+00:00 info] [real]: {"message":"Guiding button is pressed."}
[2026-01-28T12:47:31.554+00:00 info] [real]: {"message":"Guiding button is released."}
[2026-01-28T13:08:40.572+00:00 info] [real]: {"message":"Robot brakes are closed."}
[2026-01-28T13:08:40.573+00:00 info] [real]: {"message":"Robot brakes are opened."}
[2026-01-28T14:31:13.701+00:00 info] [real]: {"message":"Robot brakes are closed."}
[2026-01-28T14:31:15.000+00:00 info] [system]: {"message": "System is going to power off."}
[2026-01-29T12:33:58.000+00:00 info] [system]: {"message": "System is starting."}
[2026-01-29T12:34:22.112+00:00 info] [real]: {"message":"Robot hardware is detected."}
[2026-01-29T12:34:23.691+00:00 info] [real]: {"Robot Serial Number":{"article":290102,"running":2506023},"message":"Received robot serial number"}
[2026-01-29T12:34:40.599+00:00 info] [real]: {"message":"Guiding button is released."}
[2026-01-29T12:34:40.599+00:00 info] [real]: {"message":"Robot brakes are closed."}
[2026-01-29T12:34:40.000+00:00 info] [system]: {"message": "System started successfully."}
[2026-01-29T12:34:41.138+00:00 info] [real]: {"message":"The connection to the robot arm could be established."}
[2026-01-29T12:35:47.221+00:00 info] [real]: {"message":"Robot brakes are opened."}
[2026-01-29T12:41:36.680+00:00 info] [real]: {"message":"Robot brakes are closed."}
[2026-01-29T12:41:36.681+00:00 info] [real]: {"message":"Robot brakes are opened."}
[2026-01-29T16:17:41.690+00:00 info] [real]: {"message":"Robot brakes are closed."}
[2026-01-29T16:17:43.000+00:00 info] [system]: {"message": "System is going to power off."}
[2026-01-30T07:29:15.000+00:00 info] [system]: {"message": "System is starting."}
[2026-01-30T07:29:39.075+00:00 info] [real]: {"message":"Robot hardware is detected."}
[2026-01-30T07:29:40.695+00:00 info] [real]: {"Robot Serial Number":{"article":290102,"running":2506023},"message":"Received robot serial number"}
[2026-01-30T07:29:56.590+00:00 info] [real]: {"message":"Guiding button is released."}
[2026-01-30T07:29:56.590+00:00 info] [real]: {"message":"Robot brakes are closed."}
[2026-01-30T07:29:56.000+00:00 info] [system]: {"message": "System started successfully."}
[2026-01-30T07:29:57.097+00:00 info] [real]: {"message":"The connection to the robot arm could be established."}
[2026-01-30T07:51:01.997+00:00 info] [real]: {"message":"Robot brakes are opened."}
[2026-01-30T07:52:41.680+00:00 info] [real]: {"message":"Robot brakes are closed."}
[2026-01-30T07:52:41.681+00:00 info] [real]: {"message":"Robot brakes are opened."}
[2026-01-30T08:07:06.408+00:00 info] [real]: {"message":"Robot brakes are closed."}
[2026-01-30T08:07:06.409+00:00 info] [real]: {"message":"Robot brakes are opened."}
[2026-01-30T09:06:27.272+00:00 info] [real]: {"message":"Guiding button is pressed."}
[2026-01-30T09:06:31.638+00:00 info] [real]: {"message":"Guiding button is released."}
[2026-01-30T09:13:12.748+00:00 info] [real]: {"message":"Robot brakes are closed."}
[2026-01-30T09:13:26.000+00:00 info] [system]: {"message": "System is going to power off."}
[2026-02-02T08:13:11.000+00:00 info] [system]: {"message": "System is starting."}
[2026-02-02T08:13:35.068+00:00 info] [real]: {"message":"Robot hardware is detected."}
[2026-02-02T08:13:36.663+00:00 info] [real]: {"Robot Serial Number":{"article":290102,"running":2506023},"message":"Received robot serial number"}
[2026-02-02T08:13:52.656+00:00 info] [real]: {"message":"Guiding button is released."}
[2026-02-02T08:13:52.656+00:00 info] [real]: {"message":"Robot brakes are closed."}
[2026-02-02T08:13:52.000+00:00 info] [system]: {"message": "System started successfully."}
[2026-02-02T08:13:53.090+00:00 info] [real]: {"message":"The connection to the robot arm could be established."}
[2026-02-02T08:14:18.235+00:00 info] [real]: {"message":"Robot brakes are opened."}
[2026-02-02T08:15:24.096+00:00 info] [real]: {"message":"Robot brakes are closed."}
[2026-02-02T08:15:27.000+00:00 info] [system]: {"message": "System is going to power off."}
[2026-02-02T10:33:55.000+00:00 info] [system]: {"message": "System is starting."}
[2026-02-02T10:34:19.084+00:00 info] [real]: {"message":"Robot hardware is detected."}
[2026-02-02T10:34:20.679+00:00 info] [real]: {"Robot Serial Number":{"article":290102,"running":2506023},"message":"Received robot serial number"}
[2026-02-02T10:34:34.287+00:00 info] [real]: {"message":"Guiding button is released."}
[2026-02-02T10:34:34.287+00:00 info] [real]: {"message":"Robot brakes are closed."}
[2026-02-02T10:34:34.000+00:00 info] [system]: {"message": "System started successfully."}
[2026-02-02T10:34:35.108+00:00 info] [real]: {"message":"The connection to the robot arm could be established."}
[2026-02-02T10:53:43.673+00:00 info] [real]: {"message":"Robot brakes are opened."}
[2026-02-02T11:36:13.468+00:00 info] [real]: {"message":"Robot brakes are closed."}
[2026-02-02T11:36:15.000+00:00 info] [system]: {"message": "System is going to power off."}
[2026-02-02T12:07:43.000+00:00 info] [system]: {"message": "System is starting."}
[2026-02-02T12:08:07.027+00:00 info] [real]: {"message":"Robot hardware is detected."}
[2026-02-02T12:08:08.644+00:00 info] [real]: {"Robot Serial Number":{"article":290102,"running":2506023},"message":"Received robot serial number"}
[2026-02-02T12:08:24.099+00:00 info] [real]: {"message":"Guiding button is released."}
[2026-02-02T12:08:24.099+00:00 info] [real]: {"message":"Robot brakes are closed."}
[2026-02-02T12:08:24.000+00:00 info] [system]: {"message": "System started successfully."}
[2026-02-02T12:08:25.051+00:00 info] [real]: {"message":"The connection to the robot arm could be established."}
[2026-02-02T12:11:23.353+00:00 info] [real]: {"message":"Robot brakes are opened."}
[2026-02-02T14:41:47.910+00:00 info] [real]: {"message":"Robot brakes are closed."}
[2026-02-02T14:42:20.461+00:00 info] [real]: {"message":"Robot brakes are opened."}
[2026-02-02T14:46:14.609+00:00 info] [real]: {"message":"Guiding button is pressed."}
[2026-02-02T14:46:16.051+00:00 info] [real]: {"message":"Guiding button is released."}
[2026-02-02T14:46:16.415+00:00 info] [real]: {"message":"Guiding button is pressed."}
[2026-02-02T14:46:17.301+00:00 info] [real]: {"message":"Guiding button is released."}
[2026-02-02T14:46:17.597+00:00 info] [real]: {"message":"Guiding button is pressed."}
[2026-02-02T14:46:18.587+00:00 info] [real]: {"message":"Guiding button is released."}
[2026-02-02T15:04:00.956+00:00 info] [real]: {"message":"Guiding button is pressed."}
[2026-02-02T15:04:05.634+00:00 info] [real]: {"message":"Guiding button is released."}
[2026-02-02T18:18:59.999+00:00 info] [real]: {"message":"Robot brakes are closed."}
[2026-02-02T18:19:02.000+00:00 info] [system]: {"message": "System is going to power off."}
[2026-02-02T18:36:02.000+00:00 info] [system]: {"message": "System is starting."}
[2026-02-02T18:36:26.104+00:00 info] [real]: {"message":"Robot hardware is detected."}
[2026-02-02T18:36:27.671+00:00 info] [real]: {"Robot Serial Number":{"article":290102,"running":2506023},"message":"Received robot serial number"}
[2026-02-02T18:36:43.111+00:00 info] [real]: {"message":"Guiding button is released."}
[2026-02-02T18:36:43.111+00:00 info] [real]: {"message":"Robot brakes are closed."}
[2026-02-02T18:36:43.000+00:00 info] [system]: {"message": "System started successfully."}
[2026-02-02T18:36:44.130+00:00 info] [real]: {"message":"The connection to the robot arm could be established."}
[2026-02-02T18:37:01.414+00:00 info] [real]: {"message":"Robot brakes are opened."}
[2026-02-02T18:40:49.743+00:00 info] [real]: {"message":"Robot brakes are closed."}
[2026-02-02T18:40:51.000+00:00 info] [system]: {"message": "System is going to power off."}
[2026-02-03T08:29:07.000+00:00 info] [system]: {"message": "System is starting."}
[2026-02-03T08:29:31.106+00:00 info] [real]: {"message":"Robot hardware is detected."}
[2026-02-03T08:29:32.671+00:00 info] [real]: {"Robot Serial Number":{"article":290102,"running":2506023},"message":"Received robot serial number"}
[2026-02-03T08:29:48.523+00:00 info] [real]: {"message":"Guiding button is released."}
[2026-02-03T08:29:48.523+00:00 info] [real]: {"message":"Robot brakes are closed."}
[2026-02-03T08:29:48.000+00:00 info] [system]: {"message": "System started successfully."}
[2026-02-03T08:29:49.128+00:00 info] [real]: {"message":"The connection to the robot arm could be established."}
[2026-02-03T08:31:45.404+00:00 info] [real]: {"message":"Robot brakes are opened."}
[2026-02-03T08:43:25.253+00:00 info] [real]: {"message":"Robot brakes are closed."}
[2026-02-03T08:43:27.000+00:00 info] [system]: {"message": "System is going to reboot."}
[2026-02-03T08:43:58.000+00:00 info] [system]: {"message": "System is starting."}
[2026-02-03T08:44:22.077+00:00 info] [real]: {"message":"Robot hardware is detected."}
[2026-02-03T08:44:23.701+00:00 info] [real]: {"Robot Serial Number":{"article":290102,"running":2506023},"message":"Received robot serial number"}
[2026-02-03T08:44:37.566+00:00 info] [real]: {"message":"Guiding button is released."}
[2026-02-03T08:44:37.566+00:00 info] [real]: {"message":"Robot brakes are closed."}
[2026-02-03T08:44:37.000+00:00 info] [system]: {"message": "System started successfully."}
[2026-02-03T08:44:38.096+00:00 info] [real]: {"message":"The connection to the robot arm could be established."}
[2026-02-03T08:44:59.373+00:00 info] [real]: {"message":"Robot brakes are opened."}
[2026-02-03T09:08:17.565+00:00 info] [real]: {"message":"Robot brakes are closed."}
[2026-02-03T09:08:19.000+00:00 info] [system]: {"message": "System is going to power off."}
[2026-02-03T11:13:37.000+00:00 info] [system]: {"message": "System is starting."}
[2026-02-03T11:14:01.077+00:00 info] [real]: {"message":"Robot hardware is detected."}
[2026-02-03T11:14:02.699+00:00 info] [real]: {"Robot Serial Number":{"article":290102,"running":2506023},"message":"Received robot serial number"}
[2026-02-03T11:14:16.770+00:00 info] [real]: {"message":"Guiding button is released."}
[2026-02-03T11:14:16.770+00:00 info] [real]: {"message":"Robot brakes are closed."}
[2026-02-03T11:14:16.000+00:00 info] [system]: {"message": "System started successfully."}
[2026-02-03T11:14:17.096+00:00 info] [real]: {"message":"The connection to the robot arm could be established."}
[2026-02-03T11:15:27.982+00:00 info] [real]: {"message":"Robot brakes are opened."}
[2026-02-03T11:32:54.324+00:00 info] [real]: {"message":"Robot brakes are closed."}
[2026-02-03T11:32:56.000+00:00 info] [system]: {"message": "System is going to power off."}
[2026-02-03T13:16:35.000+00:00 info] [system]: {"message": "System is starting."}
[2026-02-03T13:16:59.074+00:00 info] [real]: {"message":"Robot hardware is detected."}
[2026-02-03T13:17:00.703+00:00 info] [real]: {"Robot Serial Number":{"article":290102,"running":2506023},"message":"Received robot serial number"}
[2026-02-03T13:17:17.628+00:00 info] [real]: {"message":"Guiding button is released."}
[2026-02-03T13:17:17.628+00:00 info] [real]: {"message":"Robot brakes are closed."}
[2026-02-03T13:17:17.000+00:00 info] [system]: {"message": "System started successfully."}
[2026-02-03T13:17:18.097+00:00 info] [real]: {"message":"The connection to the robot arm could be established."}
[2026-02-03T13:19:24.180+00:00 info] [real]: {"message":"Robot brakes are opened."}
[2026-02-03T13:25:30.090+00:00 info] [real]: {"message":"Guiding button is pressed."}
[2026-02-03T13:25:36.392+00:00 info] [real]: {"message":"Guiding button is released."}
